CODE_2,CODE,SHORT_DESCRIPTION,LONG_DESCRIPTION,CONCEPT_ID,CONCEPT_NAME,DOMAIN_ID,VOCABULARY_ID,CONCEPT_CLASS_ID,START_DATE,END_DATE,PREV_DOC_FLAG
200,NA,NA,NA,44829823,Lymphosarcoma and reticulosarcoma and other specified malignant tumors of lymphatic tissue,Condition,ICD9CM,3-dig nonbill code,1/1/1970,12/31/2099,TRUE
200,NA,NA,NA,44830991,Reticulosarcoma,Condition,ICD9CM,4-dig nonbill code,1/1/1970,12/31/2099,TRUE
200,20000,"Reticulosarcoma, unspecified site, extranodal and solid organ sites",Retclsrc unsp xtrndl org,44833311,"Reticulosarcoma, unspecified site, extranodal and solid organ sites",Condition,ICD9CM,5-dig billing code,1/1/1970,12/31/2099,TRUE
200.01,20001,"Reticulosarcoma, lymph nodes of head, face, and neck",Reticulosarcoma head,44836853,"Reticulosarcoma, lymph nodes of head, face, and neck",Condition,ICD9CM,5-dig billing code,1/1/1970,12/31/2099,TRUE
200.02,20002,"Reticulosarcoma, intrathoracic lymph nodes",Reticulosarcoma thorax,44830992,"Reticulosarcoma, intrathoracic lymph nodes",Condition,ICD9CM,5-dig billing code,1/1/1970,12/31/2099,TRUE
200.03,20003,"Reticulosarcoma, intra-abdominal lymph nodes",Reticulosarcoma abdom,44836854,"Reticulosarcoma, intra-abdominal lymph nodes",Condition,ICD9CM,5-dig billing code,1/1/1970,12/31/2099,TRUE
200.04,20004,"Reticulosarcoma, lymph nodes of axilla and upper limb",Reticulosarcoma axilla,44821740,"Reticulosarcoma, lymph nodes of axilla and upper limb",Condition,ICD9CM,5-dig billing code,1/1/1970,12/31/2099,TRUE
200.05,20005,"Reticulosarcoma, lymph nodes of inguinal region and lower limb",Reticulosarcoma inguin,44835687,"Reticulosarcoma, lymph nodes of inguinal region and lower limb",Condition,ICD9CM,5-dig billing code,1/1/1970,12/31/2099,TRUE
200.06,20006,"Reticulosarcoma, intrapelvic lymph nodes",Reticulosarcoma pelvic,44835688,"Reticulosarcoma, intrapelvic lymph nodes",Condition,ICD9CM,5-dig billing code,1/1/1970,12/31/2099,TRUE
200.07,20007,"Reticulosarcoma, spleen",Reticulosarcoma spleen,44833312,"Reticulosarcoma, spleen",Condition,ICD9CM,5-dig billing code,1/1/1970,12/31/2099,TRUE
200.08,20008,"Reticulosarcoma, lymph nodes of multiple sites",Reticulosarcoma mult,44835689,"Reticulosarcoma, lymph nodes of multiple sites",Condition,ICD9CM,5-dig billing code,1/1/1970,12/31/2099,TRUE
200.1,NA,NA,NA,44835690,Lymphosarcoma,Condition,ICD9CM,4-dig nonbill code,1/1/1970,12/31/2099,TRUE
200.1,20010,"Lymphosarcoma, unspecified site, extranodal and solid organ sites",Lymphsrc unsp xtrndl org,44825215,"Lymphosarcoma, unspecified site, extranodal and solid organ sites",Condition,ICD9CM,5-dig billing code,1/1/1970,12/31/2099,TRUE
200.11,20011,"Lymphosarcoma, lymph nodes of head, face, and neck",Lymphosarcoma head,44827569,"Lymphosarcoma, lymph nodes of head, face, and neck",Condition,ICD9CM,5-dig billing code,1/1/1970,12/31/2099,TRUE
200.12,20012,"Lymphosarcoma, intrathoracic lymph nodes",Lymphosarcoma thorax,44822891,"Lymphosarcoma, intrathoracic lymph nodes",Condition,ICD9CM,5-dig billing code,1/1/1970,12/31/2099,TRUE
200.13,20013,"Lymphosarcoma, intra-abdominal lymph nodes",Lymphosarcoma abdom,44822892,"Lymphosarcoma, intra-abdominal lymph nodes",Condition,ICD9CM,5-dig billing code,1/1/1970,12/31/2099,TRUE
200.14,20014,"Lymphosarcoma, lymph nodes of axilla and upper limb",Lymphosarcoma axilla,44824038,"Lymphosarcoma, lymph nodes of axilla and upper limb",Condition,ICD9CM,5-dig billing code,1/1/1970,12/31/2099,TRUE
200.15,20015,"Lymphosarcoma, lymph nodes of inguinal region and lower limb",Lymphosarcoma inguin,44829824,"Lymphosarcoma, lymph nodes of inguinal region and lower limb",Condition,ICD9CM,5-dig billing code,1/1/1970,12/31/2099,TRUE
200.16,20016,"Lymphosarcoma, intrapelvic lymph nodes",Lymphosarcoma pelvic,44819444,"Lymphosarcoma, intrapelvic lymph nodes",Condition,ICD9CM,5-dig billing code,1/1/1970,12/31/2099,TRUE
200.17,20017,"Lymphosarcoma, spleen",Lymphosarcoma spleen,44826417,"Lymphosarcoma, spleen",Condition,ICD9CM,5-dig billing code,1/1/1970,12/31/2099,TRUE
200.18,20018,"Lymphosarcoma, lymph nodes of multiple sites",Lymphosarcoma mult,44820624,"Lymphosarcoma, lymph nodes of multiple sites",Condition,ICD9CM,5-dig billing code,1/1/1970,12/31/2099,TRUE
200.2,NA,NA,NA,44833313,Burkitt's tumor or lymphoma,Condition,ICD9CM,4-dig nonbill code,1/1/1970,12/31/2099,TRUE
200.2,20020,"Burkitt's tumor or lymphoma, unspecified site, extranodal and solid organ sites",Brkt tmr unsp xtrndl org,44832137,"Burkitt's tumor or lymphoma, unspecified site, extranodal and solid organ sites",Condition,ICD9CM,5-dig billing code,1/1/1970,12/31/2099,TRUE
200.21,20021,"Burkitt's tumor or lymphoma, lymph nodes of head, face, and neck",Burkitt's tumor head,44834504,"Burkitt's tumor or lymphoma, lymph nodes of head, face, and neck",Condition,ICD9CM,5-dig billing code,1/1/1970,12/31/2099,TRUE
200.22,20022,"Burkitt's tumor or lymphoma, intrathoracic lymph nodes",Burkitt's tumor thorax,44830993,"Burkitt's tumor or lymphoma, intrathoracic lymph nodes",Condition,ICD9CM,5-dig billing code,1/1/1970,12/31/2099,TRUE
200.23,20023,"Burkitt's tumor or lymphoma, intra-abdominal lymph nodes",Burkitt's tumor abdom,44836855,"Burkitt's tumor or lymphoma, intra-abdominal lymph nodes",Condition,ICD9CM,5-dig billing code,1/1/1970,12/31/2099,TRUE
200.24,20024,"Burkitt's tumor or lymphoma, lymph nodes of axilla and upper limb",Burkitt's tumor axilla,44825216,"Burkitt's tumor or lymphoma, lymph nodes of axilla and upper limb",Condition,ICD9CM,5-dig billing code,1/1/1970,12/31/2099,TRUE
200.25,20025,"Burkitt's tumor or lymphoma, lymph nodes of inguinal region and lower limb",Burkitt's tumor inguin,44835691,"Burkitt's tumor or lymphoma, lymph nodes of inguinal region and lower limb",Condition,ICD9CM,5-dig billing code,1/1/1970,12/31/2099,TRUE
200.26,20026,"Burkitt's tumor or lymphoma, intrapelvic lymph nodes",Burkitt's tumor pelvic,44829825,"Burkitt's tumor or lymphoma, intrapelvic lymph nodes",Condition,ICD9CM,5-dig billing code,1/1/1970,12/31/2099,TRUE
200.27,20027,"Burkitt's tumor or lymphoma, spleen",Burkitt's tumor spleen,44825217,"Burkitt's tumor or lymphoma, spleen",Condition,ICD9CM,5-dig billing code,1/1/1970,12/31/2099,TRUE
200.28,20028,"Burkitt's tumor or lymphoma, lymph nodes of multiple sites",Burkitt's tumor mult,44832138,"Burkitt's tumor or lymphoma, lymph nodes of multiple sites",Condition,ICD9CM,5-dig billing code,1/1/1970,12/31/2099,TRUE
200.3,NA,NA,NA,44834505,Marginal zone lymphoma,Condition,ICD9CM,4-dig nonbill code,1/1/1970,12/31/2099,TRUE
200.3,20030,"Marginal zone lymphoma, unspecified site, extranodal and solid organ sites",Margnl zone lym xtrndl,44825218,"Marginal zone lymphoma, unspecified site, extranodal and solid organ sites",Condition,ICD9CM,5-dig billing code,1/1/1970,12/31/2099,TRUE
200.31,20031,"Marginal zone lymphoma, lymph nodes of head, face, and neck",Margin zone lym head,44834506,"Marginal zone lymphoma, lymph nodes of head, face, and neck",Condition,ICD9CM,5-dig billing code,1/1/1970,12/31/2099,TRUE
200.32,20032,"Marginal zone lymphoma, intrathoracic lymph nodes",Margin zone lym thorax,44821741,"Marginal zone lymphoma, intrathoracic lymph nodes",Condition,ICD9CM,5-dig billing code,1/1/1970,12/31/2099,TRUE
200.33,20033,"Marginal zone lymphoma, intraabdominal lymph nodes",Margin zone lym abdom,44836856,"Marginal zone lymphoma, intraabdominal lymph nodes",Condition,ICD9CM,5-dig billing code,1/1/1970,12/31/2099,TRUE
200.34,20034,"Marginal zone lymphoma, lymph nodes of axilla and upper limb",Margin zone lym axilla,44821742,"Marginal zone lymphoma, lymph nodes of axilla and upper limb",Condition,ICD9CM,5-dig billing code,1/1/1970,12/31/2099,TRUE
200.35,20035,"Marginal zone lymphoma, lymph nodes of inguinal region and lower limb",Margin zone lym inguin,44827570,"Marginal zone lymphoma, lymph nodes of inguinal region and lower limb",Condition,ICD9CM,5-dig billing code,1/1/1970,12/31/2099,TRUE
200.36,20036,"Marginal zone lymphoma, intrapelvic lymph nodes",Margin zone lym pelvic,44819445,"Marginal zone lymphoma, intrapelvic lymph nodes",Condition,ICD9CM,5-dig billing code,1/1/1970,12/31/2099,TRUE
200.37,20037,"Marginal zone lymphoma, spleen",Margin zone lymph spleen,44826418,"Marginal zone lymphoma, spleen",Condition,ICD9CM,5-dig billing code,1/1/1970,12/31/2099,TRUE
200.38,20038,"Marginal zone lymphoma, lymph nodes of multiple sites",Margin zone lymph multip,44836857,"Marginal zone lymphoma, lymph nodes of multiple sites",Condition,ICD9CM,5-dig billing code,1/1/1970,12/31/2099,TRUE
200.4,NA,NA,NA,44822893,Mantle cell lymphoma,Condition,ICD9CM,4-dig nonbill code,1/1/1970,12/31/2099,TRUE
200.4,20040,"Mantle cell lymphoma, unspecified site, extranodal and solid organ sites",Mantle cell lym xtrrndl,44829826,"Mantle cell lymphoma, unspecified site, extranodal and solid organ sites",Condition,ICD9CM,5-dig billing code,1/1/1970,12/31/2099,TRUE
200.41,20041,"Mantle cell lymphoma, lymph nodes of head, face, and neck",Mantle cell lymph head,44820625,"Mantle cell lymphoma, lymph nodes of head, face, and neck",Condition,ICD9CM,5-dig billing code,1/1/1970,12/31/2099,TRUE
200.42,20042,"Mantle cell lymphoma, intrathoracic lymph nodes",Mantle cell lymph thorax,44828748,"Mantle cell lymphoma, intrathoracic lymph nodes",Condition,ICD9CM,5-dig billing code,1/1/1970,12/31/2099,TRUE
200.43,20043,"Mantle cell lymphoma, intra-abdominal lymph nodes",Mantle cell lymph abdom,44820626,"Mantle cell lymphoma, intra-abdominal lymph nodes",Condition,ICD9CM,5-dig billing code,1/1/1970,12/31/2099,TRUE
200.44,20044,"Mantle cell lymphoma, lymph nodes of axilla and upper limb",Mantle cell lymph axilla,44832139,"Mantle cell lymphoma, lymph nodes of axilla and upper limb",Condition,ICD9CM,5-dig billing code,1/1/1970,12/31/2099,TRUE
200.45,20045,"Mantle cell lymphoma, lymph nodes of inguinal region and lower limb",Mantle cell lymph inguin,44826419,"Mantle cell lymphoma, lymph nodes of inguinal region and lower limb",Condition,ICD9CM,5-dig billing code,1/1/1970,12/31/2099,TRUE
200.46,20046,"Mantle cell lymphoma, intrapelvic lymph nodes",Mantle cell lymph pelvic,44821743,"Mantle cell lymphoma, intrapelvic lymph nodes",Condition,ICD9CM,5-dig billing code,1/1/1970,12/31/2099,TRUE
200.47,20047,"Mantle cell lymphoma, spleen",Mantle cell lymph spleen,44835692,"Mantle cell lymphoma, spleen",Condition,ICD9CM,5-dig billing code,1/1/1970,12/31/2099,TRUE
200.48,20048,"Mantle cell lymphoma, lymph nodes of multiple sites",Mantle cell lymph multip,44830994,"Mantle cell lymphoma, lymph nodes of multiple sites",Condition,ICD9CM,5-dig billing code,1/1/1970,12/31/2099,TRUE
200.5,NA,NA,NA,44835693,Primary central nervous system lymphoma,Condition,ICD9CM,4-dig nonbill code,1/1/1970,12/31/2099,TRUE
200.5,20050,"Primary central nervous system lymphoma, unspecified site, extranodal and solid organ sites",Primary CNS lymph xtrndl,44820627,"Primary central nervous system lymphoma, unspecified site, extranodal and solid organ sites",Condition,ICD9CM,5-dig billing code,1/1/1970,12/31/2099,TRUE
200.51,20051,"Primary central nervous system lymphoma, lymph nodes of head, face, and neck",Primary CNS lymph head,44819446,"Primary central nervous system lymphoma, lymph nodes of head, face, and neck",Condition,ICD9CM,5-dig billing code,1/1/1970,12/31/2099,TRUE
200.52,20052,"Primary central nervous system lymphoma, intrathoracic lymph nodes",Primary CNS lymph thorax,44828749,"Primary central nervous system lymphoma, intrathoracic lymph nodes",Condition,ICD9CM,5-dig billing code,1/1/1970,12/31/2099,TRUE
200.53,20053,"Primary central nervous system lymphoma, intra-abdominal lymph nodes",Primary CNS lymph abdom,44829827,"Primary central nervous system lymphoma, intra-abdominal lymph nodes",Condition,ICD9CM,5-dig billing code,1/1/1970,12/31/2099,TRUE
200.54,20054,"Primary central nervous system lymphoma, lymph nodes of axilla and upper limb",Primary CNS lymph axilla,44819447,"Primary central nervous system lymphoma, lymph nodes of axilla and upper limb",Condition,ICD9CM,5-dig billing code,1/1/1970,12/31/2099,TRUE
200.55,20055,"Primary central nervous system lymphoma, lymph nodes of inguinal region and lower limb",Primary CNS lym inguin,44835694,"Primary central nervous system lymphoma, lymph nodes of inguinal region and lower limb",Condition,ICD9CM,5-dig billing code,1/1/1970,12/31/2099,TRUE
200.56,20056,"Primary central nervous system lymphoma, intrapelvic lymph nodes",Primary CNS lymph pelvic,44821744,"Primary central nervous system lymphoma, intrapelvic lymph nodes",Condition,ICD9CM,5-dig billing code,1/1/1970,12/31/2099,TRUE
200.57,20057,"Primary central nervous system lymphoma, spleen",Primary CNS lymph spleen,44830995,"Primary central nervous system lymphoma, spleen",Condition,ICD9CM,5-dig billing code,1/1/1970,12/31/2099,TRUE
200.58,20058,"Primary central nervous system lymphoma, lymph nodes of multiple sites",Primary CNS lymph multip,44829828,"Primary central nervous system lymphoma, lymph nodes of multiple sites",Condition,ICD9CM,5-dig billing code,1/1/1970,12/31/2099,TRUE
200.6,NA,NA,NA,44828750,Anaplastic large cell lymphoma,Condition,ICD9CM,4-dig nonbill code,1/1/1970,12/31/2099,TRUE
200.6,20060,"Anaplastic large cell lymphoma, unspecified site, extranodal and solid organ sites",Anaplastic lymph xtrndl,44833314,"Anaplastic large cell lymphoma, unspecified site, extranodal and solid organ sites",Condition,ICD9CM,5-dig billing code,1/1/1970,12/31/2099,TRUE
200.61,20061,"Anaplastic large cell lymphoma, lymph nodes of head, face, and neck",Anaplastic lymph head,44828751,"Anaplastic large cell lymphoma, lymph nodes of head, face, and neck",Condition,ICD9CM,5-dig billing code,1/1/1970,12/31/2099,TRUE
200.62,20062,"Anaplastic large cell lymphoma, intrathoracic lymph nodes",Anaplastic lymph thorax,44827571,"Anaplastic large cell lymphoma, intrathoracic lymph nodes",Condition,ICD9CM,5-dig billing code,1/1/1970,12/31/2099,TRUE
200.63,20063,"Anaplastic large cell lymphoma, intra-abdominal lymph nodes",Anaplastic lymph abdom,44833315,"Anaplastic large cell lymphoma, intra-abdominal lymph nodes",Condition,ICD9CM,5-dig billing code,1/1/1970,12/31/2099,TRUE
200.64,20064,"Anaplastic large cell lymphoma, lymph nodes of axilla and upper limb",Anaplastic lymph axilla,44836858,"Anaplastic large cell lymphoma, lymph nodes of axilla and upper limb",Condition,ICD9CM,5-dig billing code,1/1/1970,12/31/2099,TRUE
200.65,20065,"Anaplastic large cell lymphoma, lymph nodes of inguinal region and lower limb",Anaplastic lymph inguin,44824039,"Anaplastic large cell lymphoma, lymph nodes of inguinal region and lower limb",Condition,ICD9CM,5-dig billing code,1/1/1970,12/31/2099,TRUE
200.66,20066,"Anaplastic large cell lymphoma, intrapelvic lymph nodes",Anaplastic lymph pelvic,44836859,"Anaplastic large cell lymphoma, intrapelvic lymph nodes",Condition,ICD9CM,5-dig billing code,1/1/1970,12/31/2099,TRUE
200.67,20067,"Anaplastic large cell lymphoma, spleen",Anaplastic lymph spleen,44836860,"Anaplastic large cell lymphoma, spleen",Condition,ICD9CM,5-dig billing code,1/1/1970,12/31/2099,TRUE
200.68,20068,"Anaplastic large cell lymphoma, lymph nodes of multiple sites",Anaplastic lymph multip,44836861,"Anaplastic large cell lymphoma, lymph nodes of multiple sites",Condition,ICD9CM,5-dig billing code,1/1/1970,12/31/2099,TRUE
200.7,NA,NA,NA,44820628,Large cell lymphoma,Condition,ICD9CM,4-dig nonbill code,1/1/1970,12/31/2099,TRUE
200.7,20070,"Large cell lymphoma, unspecified site, extranodal and solid organ sites",Large cell lymph xtrndl,44836862,"Large cell lymphoma, unspecified site, extranodal and solid organ sites",Condition,ICD9CM,5-dig billing code,1/1/1970,12/31/2099,TRUE
200.71,20071,"Large cell lymphoma, lymph nodes of head, face, and neck",Large cell lymphoma head,44822894,"Large cell lymphoma, lymph nodes of head, face, and neck",Condition,ICD9CM,5-dig billing code,1/1/1970,12/31/2099,TRUE
200.72,20072,"Large cell lymphoma, intrathoracic lymph nodes",Large cell lymph thorax,44821745,"Large cell lymphoma, intrathoracic lymph nodes",Condition,ICD9CM,5-dig billing code,1/1/1970,12/31/2099,TRUE
200.73,20073,"Large cell lymphoma, intra-abdominal lymph nodes",Large cell lymph abdom,44830996,"Large cell lymphoma, intra-abdominal lymph nodes",Condition,ICD9CM,5-dig billing code,1/1/1970,12/31/2099,TRUE
200.74,20074,"Large cell lymphoma, lymph nodes of axilla and upper limb",Large cell lymph axilla,44825219,"Large cell lymphoma, lymph nodes of axilla and upper limb",Condition,ICD9CM,5-dig billing code,1/1/1970,12/31/2099,TRUE
200.75,20075,"Large cell lymphoma, lymph nodes of inguinal region and lower limb",Large cell lymph inguin,44835695,"Large cell lymphoma, lymph nodes of inguinal region and lower limb",Condition,ICD9CM,5-dig billing code,1/1/1970,12/31/2099,TRUE
200.76,20076,"Large cell lymphoma, intrapelvic lymph nodes",Large cell lymph pelvic,44824040,"Large cell lymphoma, intrapelvic lymph nodes",Condition,ICD9CM,5-dig billing code,1/1/1970,12/31/2099,TRUE
200.77,20077,"Large cell lymphoma, spleen",Large cell lymph spleen,44833316,"Large cell lymphoma, spleen",Condition,ICD9CM,5-dig billing code,1/1/1970,12/31/2099,TRUE
200.78,20078,"Large cell lymphoma, lymph nodes of multiple sites",Large cell lymph multip,44822895,"Large cell lymphoma, lymph nodes of multiple sites",Condition,ICD9CM,5-dig billing code,1/1/1970,12/31/2099,TRUE
200.8,NA,NA,NA,44830997,Other named variants of lymphosarcoma and reticulosarcoma,Condition,ICD9CM,4-dig nonbill code,1/1/1970,12/31/2099,TRUE
200.8,20080,"Other named variants of lymphosarcoma and reticulosarcoma, unspecified site, extranodal and solid organ sites",Oth varn unsp xtrndl org,44819448,"Other named variants of lymphosarcoma and reticulosarcoma, unspecified site, extranodal and solid organ sites",Condition,ICD9CM,5-dig billing code,1/1/1970,12/31/2099,TRUE
200.81,20081,"Other named variants of lymphosarcoma and reticulosarcoma, lymph nodes of head, face, and neck",Mixed lymphosarc head,44833317,"Other named variants of lymphosarcoma and reticulosarcoma, lymph nodes of head, face, and neck",Condition,ICD9CM,5-dig billing code,1/1/1970,12/31/2099,TRUE
200.82,20082,"Other named variants of lymphosarcoma and reticulosarcoma,intrathoracic lymph nodes",Mixed lymphosarc thorax,44827572,"Other named variants of lymphosarcoma and reticulosarcoma,intrathoracic lymph nodes",Condition,ICD9CM,5-dig billing code,1/1/1970,12/31/2099,TRUE
200.83,20083,"Other named variants of lymphosarcoma and reticulosarcoma, intra-abdominal lymph nodes",Mixed lymphosarc abdom,44832140,"Other named variants of lymphosarcoma and reticulosarcoma, intra-abdominal lymph nodes",Condition,ICD9CM,5-dig billing code,1/1/1970,12/31/2099,TRUE
200.84,20084,"Other named variants of lymphosarcoma and reticulosarcoma, lymph nodes of axilla and upper limb",Mixed lymphosarc axilla,44827573,"Other named variants of lymphosarcoma and reticulosarcoma, lymph nodes of axilla and upper limb",Condition,ICD9CM,5-dig billing code,1/1/1970,12/31/2099,TRUE
200.85,20085,"Other named variants of lymphosarcoma and reticulosarcoma, lymph nodes of inguinal region and lower limb",Mixed lymphosarc inguin,44829829,"Other named variants of lymphosarcoma and reticulosarcoma, lymph nodes of inguinal region and lower limb",Condition,ICD9CM,5-dig billing code,1/1/1970,12/31/2099,TRUE
200.86,20086,"Other named variants of lymphosarcoma and reticulosarcoma, intrapelvic lymph nodes",Mixed lymphosarc pelvic,44830998,"Other named variants of lymphosarcoma and reticulosarcoma, intrapelvic lymph nodes",Condition,ICD9CM,5-dig billing code,1/1/1970,12/31/2099,TRUE
200.87,20087,"Other named variants of lymphosarcoma and reticulosarcoma, spleen",Mixed lymphosarc spleen,44827574,"Other named variants of lymphosarcoma and reticulosarcoma, spleen",Condition,ICD9CM,5-dig billing code,1/1/1970,12/31/2099,TRUE
200.88,20088,"Other named variants of lymphosarcoma and reticulosarcoma, lymph nodes of multiple sites",Mixed lymphosarc mult,44824041,"Other named variants of lymphosarcoma and reticulosarcoma, lymph nodes of multiple sites",Condition,ICD9CM,5-dig billing code,1/1/1970,12/31/2099,TRUE
201,NA,NA,NA,44826420,Hodgkin's disease,Condition,ICD9CM,3-dig nonbill code,1/1/1970,12/31/2099,TRUE
201,NA,NA,NA,44827575,Hodgkin's paragranuloma,Condition,ICD9CM,4-dig nonbill code,1/1/1970,12/31/2099,TRUE
201,20100,"Hodgkin's paragranuloma, unspecified site, extranodal and solid organ sites",Hdgk prg unsp xtrndl org,44822896,"Hodgkin's paragranuloma, unspecified site, extranodal and solid organ sites",Condition,ICD9CM,5-dig billing code,1/1/1970,12/31/2099,TRUE
201.01,20101,"Hodgkin's paragranuloma, lymph nodes of head, face, and neck",Hodgkins paragran head,44820629,"Hodgkin's paragranuloma, lymph nodes of head, face, and neck",Condition,ICD9CM,5-dig billing code,1/1/1970,12/31/2099,TRUE
201.02,20102,"Hodgkin's paragranuloma, intrathoracic lymph nodes",Hodgkins paragran thorax,44829830,"Hodgkin's paragranuloma, intrathoracic lymph nodes",Condition,ICD9CM,5-dig billing code,1/1/1970,12/31/2099,TRUE
201.03,20103,"Hodgkin's paragranuloma, intra-abdominal lymph nodes",Hodgkins paragran abdom,44820630,"Hodgkin's paragranuloma, intra-abdominal lymph nodes",Condition,ICD9CM,5-dig billing code,1/1/1970,12/31/2099,TRUE
201.04,20104,"Hodgkin's paragranuloma, lymph nodes of axilla and upper limb",Hodgkins paragran axilla,44819449,"Hodgkin's paragranuloma, lymph nodes of axilla and upper limb",Condition,ICD9CM,5-dig billing code,1/1/1970,12/31/2099,TRUE
201.05,20105,"Hodgkin's paragranuloma, lymph nodes of inguinal region and lower limb",Hodgkins paragran inguin,44833318,"Hodgkin's paragranuloma, lymph nodes of inguinal region and lower limb",Condition,ICD9CM,5-dig billing code,1/1/1970,12/31/2099,TRUE
201.06,20106,"Hodgkin's paragranuloma, intrapelvic lymph nodes",Hodgkins paragran pelvic,44825220,"Hodgkin's paragranuloma, intrapelvic lymph nodes",Condition,ICD9CM,5-dig billing code,1/1/1970,12/31/2099,TRUE
201.07,20107,"Hodgkin's paragranuloma, spleen",Hodgkins paragran spleen,44819450,"Hodgkin's paragranuloma, spleen",Condition,ICD9CM,5-dig billing code,1/1/1970,12/31/2099,TRUE
201.08,20108,"Hodgkin's paragranuloma, lymph nodes of multiple sites",Hodgkins paragran mult,44822897,"Hodgkin's paragranuloma, lymph nodes of multiple sites",Condition,ICD9CM,5-dig billing code,1/1/1970,12/31/2099,TRUE
201.1,NA,NA,NA,44825221,Hodgkin's granuloma,Condition,ICD9CM,4-dig nonbill code,1/1/1970,12/31/2099,TRUE
201.1,20110,"Hodgkin's granuloma, unspecified site, extranodal and solid organ sites",Hdgk grn unsp xtrndl org,44835696,"Hodgkin's granuloma, unspecified site, extranodal and solid organ sites",Condition,ICD9CM,5-dig billing code,1/1/1970,12/31/2099,TRUE
201.11,20111,"Hodgkin's granuloma, lymph nodes of head, face, and neck",Hodgkins granulom head,44835697,"Hodgkin's granuloma, lymph nodes of head, face, and neck",Condition,ICD9CM,5-dig billing code,1/1/1970,12/31/2099,TRUE
201.12,20112,"Hodgkin's granuloma, intrathoracic lymph nodes",Hodgkins granulom thorax,44824042,"Hodgkin's granuloma, intrathoracic lymph nodes",Condition,ICD9CM,5-dig billing code,1/1/1970,12/31/2099,TRUE
201.13,20113,"Hodgkin's granuloma, intra-abdominal lymph nodes",Hodgkins granulom abdom,44824043,"Hodgkin's granuloma, intra-abdominal lymph nodes",Condition,ICD9CM,5-dig billing code,1/1/1970,12/31/2099,TRUE
201.14,20114,"Hodgkin's granuloma, lymph nodes of axilla and upper limb",Hodgkins granulom axilla,44820631,"Hodgkin's granuloma, lymph nodes of axilla and upper limb",Condition,ICD9CM,5-dig billing code,1/1/1970,12/31/2099,TRUE
201.15,20115,"Hodgkin's granuloma, lymph nodes of inguinal region and lower limb",Hodgkins granulom inguin,44832141,"Hodgkin's granuloma, lymph nodes of inguinal region and lower limb",Condition,ICD9CM,5-dig billing code,1/1/1970,12/31/2099,TRUE
201.16,20116,"Hodgkin's granuloma, intrapelvic lymph nodes",Hodgkins granulom pelvic,44825222,"Hodgkin's granuloma, intrapelvic lymph nodes",Condition,ICD9CM,5-dig billing code,1/1/1970,12/31/2099,TRUE
201.17,20117,"Hodgkin's granuloma, spleen",Hodgkins granulom spleen,44833319,"Hodgkin's granuloma, spleen",Condition,ICD9CM,5-dig billing code,1/1/1970,12/31/2099,TRUE
201.18,20118,"Hodgkin's granuloma, lymph nodes of multiple sites",Hodgkins granulom mult,44822898,"Hodgkin's granuloma, lymph nodes of multiple sites",Condition,ICD9CM,5-dig billing code,1/1/1970,12/31/2099,TRUE
201.2,NA,NA,NA,44819451,Hodgkin's sarcoma,Condition,ICD9CM,4-dig nonbill code,1/1/1970,12/31/2099,TRUE
201.2,20120,"Hodgkin's sarcoma, unspecified site, extranodal and solid organ sites",Hdgk src unsp xtrndl org,44819452,"Hodgkin's sarcoma, unspecified site, extranodal and solid organ sites",Condition,ICD9CM,5-dig billing code,1/1/1970,12/31/2099,TRUE
201.21,20121,"Hodgkin's sarcoma, lymph nodes of head, face, and neck",Hodgkins sarcoma head,44835698,"Hodgkin's sarcoma, lymph nodes of head, face, and neck",Condition,ICD9CM,5-dig billing code,1/1/1970,12/31/2099,TRUE
201.22,20122,"Hodgkin's sarcoma, intrathoracic lymph nodes",Hodgkins sarcoma thorax,44826421,"Hodgkin's sarcoma, intrathoracic lymph nodes",Condition,ICD9CM,5-dig billing code,1/1/1970,12/31/2099,TRUE
201.23,20123,"Hodgkin's sarcoma, intra-abdominal lymph nodes",Hodgkins sarcoma abdom,44829831,"Hodgkin's sarcoma, intra-abdominal lymph nodes",Condition,ICD9CM,5-dig billing code,1/1/1970,12/31/2099,TRUE
201.24,20124,"Hodgkin's sarcoma, lymph nodes of axilla and upper limb",Hodgkins sarcoma axilla,44819453,"Hodgkin's sarcoma, lymph nodes of axilla and upper limb",Condition,ICD9CM,5-dig billing code,1/1/1970,12/31/2099,TRUE
201.25,20125,"Hodgkin's sarcoma, lymph nodes of inguinal region and lower limb",Hodgkins sarcoma inguin,44824044,"Hodgkin's sarcoma, lymph nodes of inguinal region and lower limb",Condition,ICD9CM,5-dig billing code,1/1/1970,12/31/2099,TRUE
201.26,20126,"Hodgkin's sarcoma, intrapelvic lymph nodes",Hodgkins sarcoma pelvic,44828752,"Hodgkin's sarcoma, intrapelvic lymph nodes",Condition,ICD9CM,5-dig billing code,1/1/1970,12/31/2099,TRUE
201.27,20127,"Hodgkin's sarcoma, spleen",Hodgkins sarcoma spleen,44829832,"Hodgkin's sarcoma, spleen",Condition,ICD9CM,5-dig billing code,1/1/1970,12/31/2099,TRUE
201.28,20128,"Hodgkin's sarcoma, lymph nodes of multiple sites",Hodgkins sarcoma mult,44826422,"Hodgkin's sarcoma, lymph nodes of multiple sites",Condition,ICD9CM,5-dig billing code,1/1/1970,12/31/2099,TRUE
201.4,NA,NA,NA,44834507,"Hodgkin's disease, lymphocytic-histiocytic predominance",Condition,ICD9CM,4-dig nonbill code,1/1/1970,12/31/2099,TRUE
201.4,20140,"Hodgkin's disease, lymphocytic-histiocytic predominance, unspecified site, extranodal and solid organ sites",Lym-hst unsp xtrndl orgn,44829833,"Hodgkin's disease, lymphocytic-histiocytic predominance, unspecified site, extranodal and solid organ sites",Condition,ICD9CM,5-dig billing code,1/1/1970,12/31/2099,TRUE
201.41,20141,"Hodgkin's disease, lymphocytic-histiocytic predominance, lymph nodes of head, face, and neck",Hodg lymph-histio head,44830999,"Hodgkin's disease, lymphocytic-histiocytic predominance, lymph nodes of head, face, and neck",Condition,ICD9CM,5-dig billing code,1/1/1970,12/31/2099,TRUE
201.42,20142,"Hodgkin's disease, lymphocytic-histiocytic predominance, intrathoracic lymph nodes",Hodg lymph-histio thorax,44821746,"Hodgkin's disease, lymphocytic-histiocytic predominance, intrathoracic lymph nodes",Condition,ICD9CM,5-dig billing code,1/1/1970,12/31/2099,TRUE
201.43,20143,"Hodgkin's disease, lymphocytic-histiocytic predominance, intra-abdominal lymph nodes",Hodg lymph-histio abdom,44834508,"Hodgkin's disease, lymphocytic-histiocytic predominance, intra-abdominal lymph nodes",Condition,ICD9CM,5-dig billing code,1/1/1970,12/31/2099,TRUE
201.44,20144,"Hodgkin's disease, lymphocytic-histiocytic predominance, lymph nodes of axilla and upper limb",Hodg lymph-histio axilla,44833320,"Hodgkin's disease, lymphocytic-histiocytic predominance, lymph nodes of axilla and upper limb",Condition,ICD9CM,5-dig billing code,1/1/1970,12/31/2099,TRUE
201.45,20145,"Hodgkin's disease, lymphocytic-histiocytic predominance, lymph nodes of inguinal region and lower limb",Hodg lymph-histio inguin,44827576,"Hodgkin's disease, lymphocytic-histiocytic predominance, lymph nodes of inguinal region and lower limb",Condition,ICD9CM,5-dig billing code,1/1/1970,12/31/2099,TRUE
201.46,20146,"Hodgkin's disease, lymphocytic-histiocytic predominance, intrapelvic lymph nodes",Hodg lymph-histio pelvic,44825223,"Hodgkin's disease, lymphocytic-histiocytic predominance, intrapelvic lymph nodes",Condition,ICD9CM,5-dig billing code,1/1/1970,12/31/2099,TRUE
201.47,20147,"Hodgkin's disease, lymphocytic-histiocytic predominance, spleen",Hodg lymph-histio spleen,44836863,"Hodgkin's disease, lymphocytic-histiocytic predominance, spleen",Condition,ICD9CM,5-dig billing code,1/1/1970,12/31/2099,TRUE
201.48,20148,"Hodgkin's disease, lymphocytic-histiocytic predominance, lymph nodes of multiple sites",Hodg lymph-histio mult,44825224,"Hodgkin's disease, lymphocytic-histiocytic predominance, lymph nodes of multiple sites",Condition,ICD9CM,5-dig billing code,1/1/1970,12/31/2099,TRUE
201.5,NA,NA,NA,44832142,"Hodgkin's disease, nodular sclerosis",Condition,ICD9CM,4-dig nonbill code,1/1/1970,12/31/2099,TRUE
201.5,20150,"Hodgkin's disease, nodular sclerosis, unspecified site, extranodal and solid organ sites",Ndr sclr unsp xtrndl org,44826423,"Hodgkin's disease, nodular sclerosis, unspecified site, extranodal and solid organ sites",Condition,ICD9CM,5-dig billing code,1/1/1970,12/31/2099,TRUE
201.51,20151,"Hodgkin's disease, nodular sclerosis, lymph nodes of head, face, and neck",Hodg nodul sclero head,44835699,"Hodgkin's disease, nodular sclerosis, lymph nodes of head, face, and neck",Condition,ICD9CM,5-dig billing code,1/1/1970,12/31/2099,TRUE
201.52,20152,"Hodgkin's disease, nodular sclerosis, intrathoracic lymph nodes",Hodg nodul sclero thorax,44829834,"Hodgkin's disease, nodular sclerosis, intrathoracic lymph nodes",Condition,ICD9CM,5-dig billing code,1/1/1970,12/31/2099,TRUE
201.53,20153,"Hodgkin's disease, nodular sclerosis, intra-abdominal lymph nodes",Hodg nodul sclero abdom,44835700,"Hodgkin's disease, nodular sclerosis, intra-abdominal lymph nodes",Condition,ICD9CM,5-dig billing code,1/1/1970,12/31/2099,TRUE
201.54,20154,"Hodgkin's disease, nodular sclerosis, lymph nodes of axilla and upper limb",Hodg nodul sclero axilla,44836864,"Hodgkin's disease, nodular sclerosis, lymph nodes of axilla and upper limb",Condition,ICD9CM,5-dig billing code,1/1/1970,12/31/2099,TRUE
201.55,20155,"Hodgkin's disease, nodular sclerosis, lymph nodes of inguinal region and lower limb",Hodg nodul sclero inguin,44833321,"Hodgkin's disease, nodular sclerosis, lymph nodes of inguinal region and lower limb",Condition,ICD9CM,5-dig billing code,1/1/1970,12/31/2099,TRUE
201.56,20156,"Hodgkin's disease, nodular sclerosis, intrapelvic lymph nodes",Hodg nodul sclero pelvic,44835701,"Hodgkin's disease, nodular sclerosis, intrapelvic lymph nodes",Condition,ICD9CM,5-dig billing code,1/1/1970,12/31/2099,TRUE
201.57,20157,"Hodgkin's disease, nodular sclerosis, spleen",Hodg nodul sclero spleen,44829835,"Hodgkin's disease, nodular sclerosis, spleen",Condition,ICD9CM,5-dig billing code,1/1/1970,12/31/2099,TRUE
201.58,20158,"Hodgkin's disease, nodular sclerosis, lymph nodes of multiple sites",Hodg nodul sclero mult,44821747,"Hodgkin's disease, nodular sclerosis, lymph nodes of multiple sites",Condition,ICD9CM,5-dig billing code,1/1/1970,12/31/2099,TRUE
201.6,NA,NA,NA,44819454,"Hodgkin's disease, mixed cellularity",Condition,ICD9CM,4-dig nonbill code,1/1/1970,12/31/2099,TRUE
201.6,20160,"Hodgkin's disease, mixed cellularity, unspecified site, extranodal and solid organ sites",Mxd celr unsp xtrndl org,44820632,"Hodgkin's disease, mixed cellularity, unspecified site, extranodal and solid organ sites",Condition,ICD9CM,5-dig billing code,1/1/1970,12/31/2099,TRUE
201.61,20161,"Hodgkin's disease, mixed cellularity, lymph nodes of head, face, and neck",Hodgkins mix cell head,44819455,"Hodgkin's disease, mixed cellularity, lymph nodes of head, face, and neck",Condition,ICD9CM,5-dig billing code,1/1/1970,12/31/2099,TRUE
201.62,20162,"Hodgkin's disease, mixed cellularity, intrathoracic lymph nodes",Hodgkins mix cell thorax,44819456,"Hodgkin's disease, mixed cellularity, intrathoracic lymph nodes",Condition,ICD9CM,5-dig billing code,1/1/1970,12/31/2099,TRUE
201.63,20163,"Hodgkin's disease, mixed cellularity, intra-abdominal lymph nodes",Hodgkins mix cell abdom,44824045,"Hodgkin's disease, mixed cellularity, intra-abdominal lymph nodes",Condition,ICD9CM,5-dig billing code,1/1/1970,12/31/2099,TRUE
201.64,20164,"Hodgkin's disease, mixed cellularity, lymph nodes of axilla and upper limb",Hodgkins mix cell axilla,44834509,"Hodgkin's disease, mixed cellularity, lymph nodes of axilla and upper limb",Condition,ICD9CM,5-dig billing code,1/1/1970,12/31/2099,TRUE
201.65,20165,"Hodgkin's disease, mixed cellularity, lymph nodes of inguinal region and lower limb",Hodgkins mix cell inguin,44833322,"Hodgkin's disease, mixed cellularity, lymph nodes of inguinal region and lower limb",Condition,ICD9CM,5-dig billing code,1/1/1970,12/31/2099,TRUE
201.66,20166,"Hodgkin's disease, mixed cellularity, intrapelvic lymph nodes",Hodgkins mix cell pelvic,44820633,"Hodgkin's disease, mixed cellularity, intrapelvic lymph nodes",Condition,ICD9CM,5-dig billing code,1/1/1970,12/31/2099,TRUE
201.67,20167,"Hodgkin's disease, mixed cellularity, spleen",Hodgkins mix cell spleen,44832143,"Hodgkin's disease, mixed cellularity, spleen",Condition,ICD9CM,5-dig billing code,1/1/1970,12/31/2099,TRUE
201.68,20168,"Hodgkin's disease, mixed cellularity, lymph nodes of multiple sites",Hodgkins mix cell mult,44834510,"Hodgkin's disease, mixed cellularity, lymph nodes of multiple sites",Condition,ICD9CM,5-dig billing code,1/1/1970,12/31/2099,TRUE
201.7,NA,NA,NA,44820634,"Hodgkin's disease, lymphocytic depletion",Condition,ICD9CM,4-dig nonbill code,1/1/1970,12/31/2099,TRUE
201.7,20170,"Hodgkin's disease, lymphocytic depletion, unspecified site, extranodal and solid organ sites",Lym dplt unsp xtrndl org,44832144,"Hodgkin's disease, lymphocytic depletion, unspecified site, extranodal and solid organ sites",Condition,ICD9CM,5-dig billing code,1/1/1970,12/31/2099,TRUE
201.71,20171,"Hodgkin's disease, lymphocytic depletion, lymph nodes of head, face, and neck",Hodg lymph deplet head,44829836,"Hodgkin's disease, lymphocytic depletion, lymph nodes of head, face, and neck",Condition,ICD9CM,5-dig billing code,1/1/1970,12/31/2099,TRUE
201.72,20172,"Hodgkin's disease, lymphocytic depletion, intrathoracic lymph nodes",Hodg lymph deplet thorax,44834511,"Hodgkin's disease, lymphocytic depletion, intrathoracic lymph nodes",Condition,ICD9CM,5-dig billing code,1/1/1970,12/31/2099,TRUE
201.73,20173,"Hodgkin's disease, lymphocytic depletion, intra-abdominal lymph nodes",Hodg lymph deplet abdom,44824046,"Hodgkin's disease, lymphocytic depletion, intra-abdominal lymph nodes",Condition,ICD9CM,5-dig billing code,1/1/1970,12/31/2099,TRUE
201.74,20174,"Hodgkin's disease, lymphocytic depletion, lymph nodes of axilla and upper limb",Hodg lymph deplet axilla,44820635,"Hodgkin's disease, lymphocytic depletion, lymph nodes of axilla and upper limb",Condition,ICD9CM,5-dig billing code,1/1/1970,12/31/2099,TRUE
201.75,20175,"Hodgkin's disease, lymphocytic depletion, lymph nodes of inguinal region and lower limb",Hodg lymph deplet inguin,44832145,"Hodgkin's disease, lymphocytic depletion, lymph nodes of inguinal region and lower limb",Condition,ICD9CM,5-dig billing code,1/1/1970,12/31/2099,TRUE
201.76,20176,"Hodgkin's disease, lymphocytic depletion, intrapelvic lymph nodes",Hodg lymph deplet pelvic,44835702,"Hodgkin's disease, lymphocytic depletion, intrapelvic lymph nodes",Condition,ICD9CM,5-dig billing code,1/1/1970,12/31/2099,TRUE
201.77,20177,"Hodgkin's disease, lymphocytic depletion, spleen",Hodg lymph deplet spleen,44819457,"Hodgkin's disease, lymphocytic depletion, spleen",Condition,ICD9CM,5-dig billing code,1/1/1970,12/31/2099,TRUE
201.78,20178,"Hodgkin's disease, lymphocytic depletion, lymph nodes of multiple sites",Hodg lymph deplet mult,44836865,"Hodgkin's disease, lymphocytic depletion, lymph nodes of multiple sites",Condition,ICD9CM,5-dig billing code,1/1/1970,12/31/2099,TRUE
201.9,NA,NA,NA,44822899,"Hodgkin's disease, unspecified type",Condition,ICD9CM,4-dig nonbill code,1/1/1970,12/31/2099,TRUE
201.9,20190,"Hodgkin's disease, unspecified type, unspecified site, extranodal and solid organ sites",Hdgk dis unsp xtrndl org,44836866,"Hodgkin's disease, unspecified type, unspecified site, extranodal and solid organ sites",Condition,ICD9CM,5-dig billing code,1/1/1970,12/31/2099,TRUE
201.91,20191,"Hodgkin's disease, unspecified type, lymph nodes of head, face, and neck",Hodgkins dis NOS head,44824047,"Hodgkin's disease, unspecified type, lymph nodes of head, face, and neck",Condition,ICD9CM,5-dig billing code,1/1/1970,12/31/2099,TRUE
201.92,20192,"Hodgkin's disease, unspecified type, intrathoracic lymph nodes",Hodgkins dis NOS thorax,44836867,"Hodgkin's disease, unspecified type, intrathoracic lymph nodes",Condition,ICD9CM,5-dig billing code,1/1/1970,12/31/2099,TRUE
201.93,20193,"Hodgkin's disease, unspecified type, intra-abdominal lymph nodes",Hodgkins dis NOS abdom,44824048,"Hodgkin's disease, unspecified type, intra-abdominal lymph nodes",Condition,ICD9CM,5-dig billing code,1/1/1970,12/31/2099,TRUE
201.94,20194,"Hodgkin's disease, unspecified type, lymph nodes of axilla and upper limb",Hodgkins dis NOS axilla,44826424,"Hodgkin's disease, unspecified type, lymph nodes of axilla and upper limb",Condition,ICD9CM,5-dig billing code,1/1/1970,12/31/2099,TRUE
201.95,20195,"Hodgkin's disease, unspecified type, lymph nodes of inguinal region and lower limb",Hodgkins dis NOS inguin,44827577,"Hodgkin's disease, unspecified type, lymph nodes of inguinal region and lower limb",Condition,ICD9CM,5-dig billing code,1/1/1970,12/31/2099,TRUE
201.96,20196,"Hodgkin's disease, unspecified type, intrapelvic lymph nodes",Hodgkins dis NOS pelvic,44833323,"Hodgkin's disease, unspecified type, intrapelvic lymph nodes",Condition,ICD9CM,5-dig billing code,1/1/1970,12/31/2099,TRUE
201.97,20197,"Hodgkin's disease, unspecified type, spleen",Hodgkins dis NOS spleen,44819458,"Hodgkin's disease, unspecified type, spleen",Condition,ICD9CM,5-dig billing code,1/1/1970,12/31/2099,TRUE
201.98,20198,"Hodgkin's disease, unspecified type, lymph nodes of multiple sites",Hodgkins dis NOS mult,44829837,"Hodgkin's disease, unspecified type, lymph nodes of multiple sites",Condition,ICD9CM,5-dig billing code,1/1/1970,12/31/2099,TRUE
202,NA,NA,NA,44833324,Other malignant neoplasms of lymphoid and histiocytic tissue,Condition,ICD9CM,3-dig nonbill code,1/1/1970,12/31/2099,TRUE
202,NA,NA,NA,44829838,Nodular lymphoma,Condition,ICD9CM,4-dig nonbill code,1/1/1970,12/31/2099,TRUE
202,20200,"Nodular lymphoma, unspecified site, extranodal and solid organ sites",Ndlr lym unsp xtrndl org,44833325,"Nodular lymphoma, unspecified site, extranodal and solid organ sites",Condition,ICD9CM,5-dig billing code,1/1/1970,12/31/2099,TRUE
202.01,20201,"Nodular lymphoma, lymph nodes of head, face, and neck",Nodular lymphoma head,44822900,"Nodular lymphoma, lymph nodes of head, face, and neck",Condition,ICD9CM,5-dig billing code,1/1/1970,12/31/2099,TRUE
202.02,20202,"Nodular lymphoma, intrathoracic lymph nodes",Nodular lymphoma thorax,44832146,"Nodular lymphoma, intrathoracic lymph nodes",Condition,ICD9CM,5-dig billing code,1/1/1970,12/31/2099,TRUE
202.03,20203,"Nodular lymphoma, intra-abdominal lymph nodes",Nodular lymphoma abdom,44821748,"Nodular lymphoma, intra-abdominal lymph nodes",Condition,ICD9CM,5-dig billing code,1/1/1970,12/31/2099,TRUE
202.04,20204,"Nodular lymphoma, lymph nodes of axilla and upper limb",Nodular lymphoma axilla,44827578,"Nodular lymphoma, lymph nodes of axilla and upper limb",Condition,ICD9CM,5-dig billing code,1/1/1970,12/31/2099,TRUE
202.05,20205,"Nodular lymphoma, lymph nodes of inguinal region and lower limb",Nodular lymphoma inguin,44835703,"Nodular lymphoma, lymph nodes of inguinal region and lower limb",Condition,ICD9CM,5-dig billing code,1/1/1970,12/31/2099,TRUE
202.06,20206,"Nodular lymphoma, intrapelvic lymph nodes",Nodular lymphoma pelvic,44821749,"Nodular lymphoma, intrapelvic lymph nodes",Condition,ICD9CM,5-dig billing code,1/1/1970,12/31/2099,TRUE
202.07,20207,"Nodular lymphoma, spleen",Nodular lymphoma spleen,44828753,"Nodular lymphoma, spleen",Condition,ICD9CM,5-dig billing code,1/1/1970,12/31/2099,TRUE
202.08,20208,"Nodular lymphoma, lymph nodes of multiple sites",Nodular lymphoma mult,44821750,"Nodular lymphoma, lymph nodes of multiple sites",Condition,ICD9CM,5-dig billing code,1/1/1970,12/31/2099,TRUE
202.1,NA,NA,NA,44827579,Mycosis fungoides,Condition,ICD9CM,4-dig nonbill code,1/1/1970,12/31/2099,TRUE
202.1,20210,"Mycosis fungoides, unspecified site, extranodal and solid organ sites",Mycs fng unsp xtrndl org,44829839,"Mycosis fungoides, unspecified site, extranodal and solid organ sites",Condition,ICD9CM,5-dig billing code,1/1/1970,12/31/2099,TRUE
202.11,20211,"Mycosis fungoides, lymph nodes of head, face, and neck",Mycosis fungoides head,44834512,"Mycosis fungoides, lymph nodes of head, face, and neck",Condition,ICD9CM,5-dig billing code,1/1/1970,12/31/2099,TRUE
202.12,20212,"Mycosis fungoides, intrathoracic lymph nodes",Mycosis fungoides thorax,44833326,"Mycosis fungoides, intrathoracic lymph nodes",Condition,ICD9CM,5-dig billing code,1/1/1970,12/31/2099,TRUE
202.13,20213,"Mycosis fungoides, intra-abdominal lymph nodes",Mycosis fungoides abdom,44831000,"Mycosis fungoides, intra-abdominal lymph nodes",Condition,ICD9CM,5-dig billing code,1/1/1970,12/31/2099,TRUE
202.14,20214,"Mycosis fungoides, lymph nodes of axilla and upper limb",Mycosis fungoides axilla,44820636,"Mycosis fungoides, lymph nodes of axilla and upper limb",Condition,ICD9CM,5-dig billing code,1/1/1970,12/31/2099,TRUE
202.15,20215,"Mycosis fungoides, lymph nodes of inguinal region and lower limb",Mycosis fungoides inguin,44832147,"Mycosis fungoides, lymph nodes of inguinal region and lower limb",Condition,ICD9CM,5-dig billing code,1/1/1970,12/31/2099,TRUE
202.16,20216,"Mycosis fungoides, intrapelvic lymph nodes",Mycosis fungoides pelvic,44819459,"Mycosis fungoides, intrapelvic lymph nodes",Condition,ICD9CM,5-dig billing code,1/1/1970,12/31/2099,TRUE
202.17,20217,"Mycosis fungoides, spleen",Mycosis fungoides spleen,44822901,"Mycosis fungoides, spleen",Condition,ICD9CM,5-dig billing code,1/1/1970,12/31/2099,TRUE
202.18,20218,"Mycosis fungoides, lymph nodes of multiple sites",Mycosis fungoides mult,44836868,"Mycosis fungoides, lymph nodes of multiple sites",Condition,ICD9CM,5-dig billing code,1/1/1970,12/31/2099,TRUE
202.2,NA,NA,NA,44832148,Sezary's disease,Condition,ICD9CM,4-dig nonbill code,1/1/1970,12/31/2099,TRUE
202.2,20220,"Sezary's disease, unspecified site, extranodal and solid organ sites",Szry dis unsp xtrndl org,44825225,"Sezary's disease, unspecified site, extranodal and solid organ sites",Condition,ICD9CM,5-dig billing code,1/1/1970,12/31/2099,TRUE
202.21,20221,"Sezary's disease, lymph nodes of head, face, and neck",Sezary's disease head,44832149,"Sezary's disease, lymph nodes of head, face, and neck",Condition,ICD9CM,5-dig billing code,1/1/1970,12/31/2099,TRUE
202.22,20222,"Sezary's disease, intrathoracic lymph nodes",Sezary's disease thorax,44835704,"Sezary's disease, intrathoracic lymph nodes",Condition,ICD9CM,5-dig billing code,1/1/1970,12/31/2099,TRUE
202.23,20223,"Sezary's disease, intra-abdominal lymph nodes",Sezary's disease abdom,44821751,"Sezary's disease, intra-abdominal lymph nodes",Condition,ICD9CM,5-dig billing code,1/1/1970,12/31/2099,TRUE
202.24,20224,"Sezary's disease, lymph nodes of axilla and upper limb",Sezary's disease axilla,44821752,"Sezary's disease, lymph nodes of axilla and upper limb",Condition,ICD9CM,5-dig billing code,1/1/1970,12/31/2099,TRUE
202.25,20225,"Sezary's disease, lymph nodes of inguinal region and lower limb",Sezary's disease inguin,44827580,"Sezary's disease, lymph nodes of inguinal region and lower limb",Condition,ICD9CM,5-dig billing code,1/1/1970,12/31/2099,TRUE
202.26,20226,"Sezary's disease, intrapelvic lymph nodes",Sezary's disease pelvic,44821753,"Sezary's disease, intrapelvic lymph nodes",Condition,ICD9CM,5-dig billing code,1/1/1970,12/31/2099,TRUE
202.27,20227,"Sezary's disease, spleen",Sezary's disease spleen,44833327,"Sezary's disease, spleen",Condition,ICD9CM,5-dig billing code,1/1/1970,12/31/2099,TRUE
202.28,20228,"Sezary's disease, lymph nodes of multiple sites",Sezary's disease mult,44820637,"Sezary's disease, lymph nodes of multiple sites",Condition,ICD9CM,5-dig billing code,1/1/1970,12/31/2099,TRUE
202.3,NA,NA,NA,44826425,Malignant histiocytosis,Condition,ICD9CM,4-dig nonbill code,1/1/1970,12/31/2099,TRUE
202.3,20230,"Malignant histiocytosis, unspecified site, extranodal and solid organ sites",Mlg hist unsp xtrndl org,44829840,"Malignant histiocytosis, unspecified site, extranodal and solid organ sites",Condition,ICD9CM,5-dig billing code,1/1/1970,12/31/2099,TRUE
202.31,20231,"Malignant histiocytosis, lymph nodes of head, face, and neck",Mal histiocytosis head,44831001,"Malignant histiocytosis, lymph nodes of head, face, and neck",Condition,ICD9CM,5-dig billing code,1/1/1970,12/31/2099,TRUE
202.32,20232,"Malignant histiocytosis, intrathoracic lymph nodes",Mal histiocytosis thorax,44834513,"Malignant histiocytosis, intrathoracic lymph nodes",Condition,ICD9CM,5-dig billing code,1/1/1970,12/31/2099,TRUE
202.33,20233,"Malignant histiocytosis, intra-abdominal lymph nodes",Mal histiocytosis abdom,44831002,"Malignant histiocytosis, intra-abdominal lymph nodes",Condition,ICD9CM,5-dig billing code,1/1/1970,12/31/2099,TRUE
202.34,20234,"Malignant histiocytosis, lymph nodes of axilla and upper limb",Mal histiocytosis axilla,44825226,"Malignant histiocytosis, lymph nodes of axilla and upper limb",Condition,ICD9CM,5-dig billing code,1/1/1970,12/31/2099,TRUE
202.35,20235,"Malignant histiocytosis, lymph nodes of inguinal region and lower limb",Mal histiocytosis inguin,44822902,"Malignant histiocytosis, lymph nodes of inguinal region and lower limb",Condition,ICD9CM,5-dig billing code,1/1/1970,12/31/2099,TRUE
202.36,20236,"Malignant histiocytosis, intrapelvic lymph nodes",Mal histiocytosis pelvic,44831003,"Malignant histiocytosis, intrapelvic lymph nodes",Condition,ICD9CM,5-dig billing code,1/1/1970,12/31/2099,TRUE
202.37,20237,"Malignant histiocytosis, spleen",Mal histiocytosis spleen,44820638,"Malignant histiocytosis, spleen",Condition,ICD9CM,5-dig billing code,1/1/1970,12/31/2099,TRUE
202.38,20238,"Malignant histiocytosis, lymph nodes of multiple sites",Mal histiocytosis mult,44832150,"Malignant histiocytosis, lymph nodes of multiple sites",Condition,ICD9CM,5-dig billing code,1/1/1970,12/31/2099,TRUE
202.4,NA,NA,NA,44835705,Leukemic reticuloendotheliosis,Condition,ICD9CM,4-dig nonbill code,1/1/1970,12/31/2099,TRUE
202.4,20240,"Leukemic reticuloendotheliosis, unspecified site, extranodal and solid organ sites",Lk rtctl unsp xtrndl org,44822903,"Leukemic reticuloendotheliosis, unspecified site, extranodal and solid organ sites",Observation,ICD9CM,5-dig billing code,1/1/1970,12/31/2099,TRUE
202.41,20241,"Leukemic reticuloendotheliosis, lymph nodes of head, face, and neck",Hairy-cell leukem head,44832151,"Leukemic reticuloendotheliosis, lymph nodes of head, face, and neck",Condition,ICD9CM,5-dig billing code,1/1/1970,12/31/2099,TRUE
202.42,20242,"Leukemic reticuloendotheliosis, intrathoracic lymph nodes",Hairy-cell leukem thorax,44829841,"Leukemic reticuloendotheliosis, intrathoracic lymph nodes",Condition,ICD9CM,5-dig billing code,1/1/1970,12/31/2099,TRUE
202.43,20243,"Leukemic reticuloendotheliosis, intra-abdominal lymph nodes",Hairy-cell leukem abdom,44819460,"Leukemic reticuloendotheliosis, intra-abdominal lymph nodes",Condition,ICD9CM,5-dig billing code,1/1/1970,12/31/2099,TRUE
202.44,20244,"Leukemic reticuloendotheliosis, lymph nodes of axilla and upper arm",Hairy-cell leukem axilla,44826426,"Leukemic reticuloendotheliosis, lymph nodes of axilla and upper arm",Condition,ICD9CM,5-dig billing code,1/1/1970,12/31/2099,TRUE
202.45,20245,"Leukemic reticuloendotheliosis, lymph nodes of inguinal region and lower limb",Hairy-cell leukem inguin,44822904,"Leukemic reticuloendotheliosis, lymph nodes of inguinal region and lower limb",Condition,ICD9CM,5-dig billing code,1/1/1970,12/31/2099,TRUE
202.46,20246,"Leukemic reticuloendotheliosis, intrapelvic lymph nodes",Hairy-cell leukem pelvic,44819461,"Leukemic reticuloendotheliosis, intrapelvic lymph nodes",Condition,ICD9CM,5-dig billing code,1/1/1970,12/31/2099,TRUE
202.47,20247,"Leukemic reticuloendotheliosis, spleen",Hairy-cell leukem spleen,44828754,"Leukemic reticuloendotheliosis, spleen",Condition,ICD9CM,5-dig billing code,1/1/1970,12/31/2099,TRUE
202.48,20248,"Leukemic reticuloendotheliosis, lymph nodes of multiple sites",Hairy-cell leukem mult,44832152,"Leukemic reticuloendotheliosis, lymph nodes of multiple sites",Condition,ICD9CM,5-dig billing code,1/1/1970,12/31/2099,TRUE
202.5,NA,NA,NA,44819462,Letterer-Siwe disease,Condition,ICD9CM,4-dig nonbill code,1/1/1970,12/31/2099,TRUE
202.5,20250,"Letterer-siwe disease, unspecified site, extranodal and solid organ sites",Ltr-siwe unsp xtrndl org,44831004,"Letterer-siwe disease, unspecified site, extranodal and solid organ sites",Condition,ICD9CM,5-dig billing code,1/1/1970,12/31/2099,TRUE
202.51,20251,"Letterer-siwe disease, lymph nodes of head, face, and neck",Letterer-siwe dis head,44831005,"Letterer-siwe disease, lymph nodes of head, face, and neck",Condition,ICD9CM,5-dig billing code,1/1/1970,12/31/2099,TRUE
202.52,20252,"Letterer-siwe disease, intrathoracic lymph nodes",Letterer-siwe dis thorax,44824049,"Letterer-siwe disease, intrathoracic lymph nodes",Condition,ICD9CM,5-dig billing code,1/1/1970,12/31/2099,TRUE
202.53,20253,"Letterer-siwe disease, intra-abdominal lymph nodes",Letterer-siwe dis abdom,44829842,"Letterer-siwe disease, intra-abdominal lymph nodes",Condition,ICD9CM,5-dig billing code,1/1/1970,12/31/2099,TRUE
202.54,20254,"Letterer-siwe disease, lymph nodes of axilla and upper limb",Letterer-siwe dis axilla,44833328,"Letterer-siwe disease, lymph nodes of axilla and upper limb",Condition,ICD9CM,5-dig billing code,1/1/1970,12/31/2099,TRUE
202.55,20255,"Letterer-siwe disease, lymph nodes of inguinal region and lower limb",Letterer-siwe dis inguin,44826427,"Letterer-siwe disease, lymph nodes of inguinal region and lower limb",Condition,ICD9CM,5-dig billing code,1/1/1970,12/31/2099,TRUE
202.56,20256,"Letterer-siwe disease, intrapelvic lymph nodes",Letterer-siwe dis pelvic,44820639,"Letterer-siwe disease, intrapelvic lymph nodes",Condition,ICD9CM,5-dig billing code,1/1/1970,12/31/2099,TRUE
202.57,20257,"Letterer-siwe disease, spleen",Letterer-siwe dis spleen,44821754,"Letterer-siwe disease, spleen",Condition,ICD9CM,5-dig billing code,1/1/1970,12/31/2099,TRUE
202.58,20258,"Letterer-siwe disease, lymph nodes of multiple sites",Letterer-siwe dis mult,44836869,"Letterer-siwe disease, lymph nodes of multiple sites",Condition,ICD9CM,5-dig billing code,1/1/1970,12/31/2099,TRUE
202.6,NA,NA,NA,44831006,Malignant mast cell tumors,Condition,ICD9CM,4-dig nonbill code,1/1/1970,12/31/2099,TRUE
202.6,20260,"Malignant mast cell tumors, unspecified site, extranodal and solid organ sites",Mlg mast unsp xtrndl org,44824050,"Malignant mast cell tumors, unspecified site, extranodal and solid organ sites",Condition,ICD9CM,5-dig billing code,1/1/1970,12/31/2099,TRUE
202.61,20261,"Malignant mast cell tumors, lymph nodes of head, face, and neck",Mal mastocytosis head,44833329,"Malignant mast cell tumors, lymph nodes of head, face, and neck",Condition,ICD9CM,5-dig billing code,1/1/1970,12/31/2099,TRUE
202.62,20262,"Malignant mast cell tumors, intrathoracic lymph nodes",Mal mastocytosis thorax,44835706,"Malignant mast cell tumors, intrathoracic lymph nodes",Condition,ICD9CM,5-dig billing code,1/1/1970,12/31/2099,TRUE
202.63,20263,"Malignant mast cell tumors, intra-abdominal lymph nodes",Mal mastocytosis abdom,44831007,"Malignant mast cell tumors, intra-abdominal lymph nodes",Condition,ICD9CM,5-dig billing code,1/1/1970,12/31/2099,TRUE
202.64,20264,"Malignant mast cell tumors, lymph nodes of axilla and upper limb",Mal mastocytosis axilla,44834514,"Malignant mast cell tumors, lymph nodes of axilla and upper limb",Condition,ICD9CM,5-dig billing code,1/1/1970,12/31/2099,TRUE
202.65,20265,"Malignant mast cell tumors, lymph nodes of inguinal region and lower limb",Mal mastocytosis inguin,44832153,"Malignant mast cell tumors, lymph nodes of inguinal region and lower limb",Condition,ICD9CM,5-dig billing code,1/1/1970,12/31/2099,TRUE
202.66,20266,"Malignant mast cell tumors, intrapelvic lymph nodes",Mal mastocytosis pelvic,44831008,"Malignant mast cell tumors, intrapelvic lymph nodes",Condition,ICD9CM,5-dig billing code,1/1/1970,12/31/2099,TRUE
202.67,20267,"Malignant mast cell tumors, spleen",Mal mastocytosis spleen,44831009,"Malignant mast cell tumors, spleen",Condition,ICD9CM,5-dig billing code,1/1/1970,12/31/2099,TRUE
202.68,20268,"Malignant mast cell tumors, lymph nodes of multiple sites",Mal mastocytosis mult,44826428,"Malignant mast cell tumors, lymph nodes of multiple sites",Condition,ICD9CM,5-dig billing code,1/1/1970,12/31/2099,TRUE
202.7,NA,NA,NA,44828755,Peripheral T-cell lymphoma,Condition,ICD9CM,4-dig nonbill code,1/1/1970,12/31/2099,TRUE
202.7,20270,"Peripheral T cell lymphoma, unspecified site, extranodal and solid organ sites",Periph T cell lym xtrndl,44833330,"Peripheral T cell lymphoma, unspecified site, extranodal and solid organ sites",Condition,ICD9CM,5-dig billing code,1/1/1970,12/31/2099,TRUE
202.71,20271,"Peripheral T cell lymphoma, lymph nodes of head, face, and neck",Periph T cell lymph head,44835707,"Peripheral T cell lymphoma, lymph nodes of head, face, and neck",Condition,ICD9CM,5-dig billing code,1/1/1970,12/31/2099,TRUE
202.72,20272,"Peripheral T cell lymphoma, intrathoracic lymph nodes",Periph T cell lym thorax,44833331,"Peripheral T cell lymphoma, intrathoracic lymph nodes",Condition,ICD9CM,5-dig billing code,1/1/1970,12/31/2099,TRUE
202.73,20273,"Peripheral T cell lymphoma, intra-abdominal lymph nodes",Periph T cell lym abdom,44824051,"Peripheral T cell lymphoma, intra-abdominal lymph nodes",Condition,ICD9CM,5-dig billing code,1/1/1970,12/31/2099,TRUE
202.74,20274,"Peripheral T cell lymphoma, lymph nodes of axilla and upper limb",Periph T cell lym axilla,44831010,"Peripheral T cell lymphoma, lymph nodes of axilla and upper limb",Condition,ICD9CM,5-dig billing code,1/1/1970,12/31/2099,TRUE
202.75,20275,"Peripheral T cell lymphoma, lymph nodes of inguinal region and lower limb",Periph T cell lym inguin,44822905,"Peripheral T cell lymphoma, lymph nodes of inguinal region and lower limb",Condition,ICD9CM,5-dig billing code,1/1/1970,12/31/2099,TRUE
202.76,20276,"Peripheral T cell lymphoma, intrapelvic lymph nodes",Periph T cell lym pelvic,44827581,"Peripheral T cell lymphoma, intrapelvic lymph nodes",Condition,ICD9CM,5-dig billing code,1/1/1970,12/31/2099,TRUE
202.77,20277,"Peripheral T cell lymphoma, spleen",Periph T cell lym spleen,44833332,"Peripheral T cell lymphoma, spleen",Condition,ICD9CM,5-dig billing code,1/1/1970,12/31/2099,TRUE
202.78,20278,"Peripheral T cell lymphoma, lymph nodes of multiple sites",Periph T cell lym multip,44826429,"Peripheral T cell lymphoma, lymph nodes of multiple sites",Condition,ICD9CM,5-dig billing code,1/1/1970,12/31/2099,TRUE
202.8,NA,NA,NA,44829843,Other malignant lymphomas,Condition,ICD9CM,4-dig nonbill code,1/1/1970,12/31/2099,TRUE
202.8,20280,"Other malignant lymphomas, unspecified site, extranodal and solid organ sites",Oth lymp unsp xtrndl org,44835708,"Other malignant lymphomas, unspecified site, extranodal and solid organ sites",Condition,ICD9CM,5-dig billing code,1/1/1970,12/31/2099,TRUE
202.81,20281,"Other malignant lymphomas, lymph nodes of head, face, and neck",Lymphomas NEC head,44835709,"Other malignant lymphomas, lymph nodes of head, face, and neck",Condition,ICD9CM,5-dig billing code,1/1/1970,12/31/2099,TRUE
202.82,20282,"Other malignant lymphomas, intrathoracic lymph nodes",Lymphomas NEC thorax,44836870,"Other malignant lymphomas, intrathoracic lymph nodes",Condition,ICD9CM,5-dig billing code,1/1/1970,12/31/2099,TRUE
202.83,20283,"Other malignant lymphomas, intra-abdominal lymph nodes",Lymphomas NEC abdom,44832154,"Other malignant lymphomas, intra-abdominal lymph nodes",Condition,ICD9CM,5-dig billing code,1/1/1970,12/31/2099,TRUE
202.84,20284,"Other malignant lymphomas, lymph nodes of axilla and upper limb",Lymphomas NEC axilla,44824052,"Other malignant lymphomas, lymph nodes of axilla and upper limb",Condition,ICD9CM,5-dig billing code,1/1/1970,12/31/2099,TRUE
202.85,20285,"Other malignant lymphomas, lymph nodes of inguinal region and lower limb",Lymphomas NEC inguin,44822906,"Other malignant lymphomas, lymph nodes of inguinal region and lower limb",Condition,ICD9CM,5-dig billing code,1/1/1970,12/31/2099,TRUE
202.86,20286,"Other malignant lymphomas, intrapelvic lymph nodes",Lymphomas NEC pelvic,44819463,"Other malignant lymphomas, intrapelvic lymph nodes",Condition,ICD9CM,5-dig billing code,1/1/1970,12/31/2099,TRUE
202.87,20287,"Other malignant lymphomas, spleen",Lymphomas NEC spleen,44835710,"Other malignant lymphomas, spleen",Condition,ICD9CM,5-dig billing code,1/1/1970,12/31/2099,TRUE
202.88,20288,"Other malignant lymphomas, lymph nodes of multiple sites",Lymphomas NEC mult,44831011,"Other malignant lymphomas, lymph nodes of multiple sites",Condition,ICD9CM,5-dig billing code,1/1/1970,12/31/2099,TRUE
202.9,NA,NA,NA,44825227,Other and unspecified malignant neoplasms of lymphoid and histiocytic tissue,Condition,ICD9CM,4-dig nonbill code,1/1/1970,12/31/2099,TRUE
202.9,20290,"Other and unspecified malignant neoplasms of lymphoid and histiocytic tissue, unspecified site, extranodal and solid organ sites",Unsp lym unsp xtrndl org,44834515,"Other and unspecified malignant neoplasms of lymphoid and histiocytic tissue, unspecified site, extranodal and solid organ sites",Condition,ICD9CM,5-dig billing code,1/1/1970,12/31/2099,TRUE
202.91,20291,"Other and unspecified malignant neoplasms of lymphoid and histiocytic tissue, lymph nodes of head, face, and neck",Lymphoid mal NEC head,44833333,"Other and unspecified malignant neoplasms of lymphoid and histiocytic tissue, lymph nodes of head, face, and neck",Condition,ICD9CM,5-dig billing code,1/1/1970,12/31/2099,TRUE
202.92,20292,"Other and unspecified malignant neoplasms of lymphoid and histiocytic tissue, intrathoracic lymph nodes",Lymphoid mal NEC thorax,44820640,"Other and unspecified malignant neoplasms of lymphoid and histiocytic tissue, intrathoracic lymph nodes",Condition,ICD9CM,5-dig billing code,1/1/1970,12/31/2099,TRUE
202.93,20293,"Other and unspecified malignant neoplasms of lymphoid and histiocytic tissue, intra-abdominal lymph nodes",Lymphoid mal NEC abdom,44825228,"Other and unspecified malignant neoplasms of lymphoid and histiocytic tissue, intra-abdominal lymph nodes",Condition,ICD9CM,5-dig billing code,1/1/1970,12/31/2099,TRUE
202.94,20294,"Other and unspecified malignant neoplasms of lymphoid and histiocytic tissue, lymph nodes of axilla and upper limb",Lymphoid mal NEC axilla,44831012,"Other and unspecified malignant neoplasms of lymphoid and histiocytic tissue, lymph nodes of axilla and upper limb",Condition,ICD9CM,5-dig billing code,1/1/1970,12/31/2099,TRUE
202.95,20295,"Other and unspecified malignant neoplasms of lymphoid and histiocytic tissue, lymph nodes of inguinal region and lower limb",Lymphoid mal NEC inguin,44821755,"Other and unspecified malignant neoplasms of lymphoid and histiocytic tissue, lymph nodes of inguinal region and lower limb",Condition,ICD9CM,5-dig billing code,1/1/1970,12/31/2099,TRUE
202.96,20296,"Other and unspecified malignant neoplasms of lymphoid and histiocytic tissue, intrapelvic lymph nodes",Lymphoid mal NEC pelvic,44835711,"Other and unspecified malignant neoplasms of lymphoid and histiocytic tissue, intrapelvic lymph nodes",Condition,ICD9CM,5-dig billing code,1/1/1970,12/31/2099,TRUE
202.97,20297,"Other and unspecified malignant neoplasms of lymphoid and histiocytic tissue, spleen",Lymphoid mal NEC spleen,44834516,"Other and unspecified malignant neoplasms of lymphoid and histiocytic tissue, spleen",Condition,ICD9CM,5-dig billing code,1/1/1970,12/31/2099,TRUE
202.98,20298,"Other and unspecified malignant neoplasms of lymphoid and histiocytic tissue, lymph nodes of multiple sites",Lymphoid mal NEC mult,44828756,"Other and unspecified malignant neoplasms of lymphoid and histiocytic tissue, lymph nodes of multiple sites",Condition,ICD9CM,5-dig billing code,1/1/1970,12/31/2099,TRUE
279.41,27941,Autoimmune lymphoproliferative syndrome,Autoimmun lymphprof synd,44829904,Autoimmune lymphoproliferative syndrome,Condition,ICD9CM,5-dig billing code,10/10/2013,12/31/2099,TRUE
V10.7,NA,NA,NA,44821503,Personal history of other lymphatic and hematopoietic neoplasms,Observation,ICD9CM,4-dig nonbill V code,1/1/1970,12/31/2099,TRUE
V10.71,V1071,Personal history of lymphosarcoma and reticulosarcoma,Hx-lymphosarcoma,44823787,Personal history of lymphosarcoma and reticulosarcoma,Observation,ICD9CM,5-dig billing V code,1/1/1970,12/31/2099,TRUE
V10.72,V1072,Personal history of hodgkin's disease,Hx-hodgkin's disease,44835415,Personal history of hodgkin's disease,Observation,ICD9CM,5-dig billing V code,1/1/1970,12/31/2099,TRUE
V10.79,V1079,Personal history of other lymphatic and hematopoietic neoplasms,Hx-lymphatic malign NEC,44833046,Personal history of other lymphatic and hematopoietic neoplasms,Observation,ICD9CM,5-dig billing V code,1/1/1970,12/31/2099,TRUE
