"CONCEPT_CODE","CONCEPT_ID","CONCEPT_NAME","DOMAIN_ID","VOCAB_ID","CONCEPT_CLASS_ID","START_DATE","END_DATE"
"A22.7",45576235,"Anthrax sepsis","Condition","ICD10","ICD10 code",19900501,20991231
"A42.7",45537724,"Actinomycotic sepsis","Condition","ICD10","ICD10 code",19900501,20991231
"A02.1",45600394,"Salmonella sepsis","Condition","ICD10","ICD10 code",19900501,20991231
"A26.7",45532824,"Erysipelothrix sepsis","Condition","ICD10","ICD10 code",19900501,20991231
"A32.7",45566498,"Listerial sepsis","Condition","ICD10","ICD10 code",19900501,20991231
"A40",45556901,"Streptococcal sepsis","Condition","ICD10","ICD10 Hierarchy",19900501,20991231
"A40.3",45590813,"Sepsis due to Streptococcus pneumoniae","Condition","ICD10","ICD10 code",19900501,20991231
"A40.8",45561701,"Other streptococcal sepsis","Condition","ICD10","ICD10 code",19900501,20991231
"A41",45532831,"Other sepsis","Condition","ICD10","ICD10 Hierarchy",19900501,20991231
"A41.0",45532832,"Sepsis due to Staphylococcus aureus","Condition","ICD10","ICD10 code",19900501,20991231
"A41.1",45561702,"Sepsis due to other specified staphylococcus","Condition","ICD10","ICD10 code",19900501,20991231
"A41.2",45605202,"Sepsis due to unspecified staphylococcus","Condition","ICD10","ICD10 code",19900501,20991231
"A41.3",45561703,"Sepsis due to Haemophilus influenzae","Condition","ICD10","ICD10 code",19900501,20991231
"A41.4",45552178,"Sepsis due to anaerobes","Condition","ICD10","ICD10 code",19900501,20991231
"A41.5",45556902,"Sepsis due to other Gram-negative organisms","Condition","ICD10","ICD10 code",19900501,20991231
"A41.8",45595587,"Other specified sepsis","Condition","ICD10","ICD10 code",19900501,20991231
"B37.7",45595617,"Candidal sepsis","Condition","ICD10","ICD10 code",19900501,20991231
"O75.3",45553593,"Other infection during labour","Condition","ICD10","ICD10 code",19900501,20991231
"O85",45597036,"Puerperal sepsis","Condition","ICD10","ICD10 Hierarchy",19900501,20991231
"R65.1",45539354,"Systemic Inflammatory Response Syndrome of infectious origin with organ failure","Condition","ICD10","ICD10 code",20090101,20991231
