"DX_CODE_2","CODE","LONG_DESCRIPTION","SHORT_DESCRIPTION","CONCEPT_ID","CONCEPT_NAME","DOMAIN_ID","VOCABULARY_ID","CONCEPT_CLASS_ID","START_DATE","END_DATE"
"630",NA,NA,NA,44826756,"Hydatidiform mole","Condition","ICD9CM","3-dig billing code","1970-01-01","2099-12-31"
"631",NA,NA,NA,44821001,"Other abnormal product of conception","Condition","ICD9CM","3-dig nonbill code","1970-01-01","2099-12-31"
"631.0","6310","Inappropriate change in quantitative human chorionic gonadotropin (hCG) in early pregnancy","Inapp chg hCG early preg",44821002,"Inappropriate change in quantitative human chorionic gonadotropin (hCG) in early pregnancy","Measurement","ICD9CM","4-dig billing code","2013-10-10","2099-12-31"
"631.8","6318","Other abnormal products of conception","Oth abn prod conception",44833693,"Other abnormal products of conception","Condition","ICD9CM","4-dig billing code","2014-07-01","2099-12-31"
"632",NA,NA,NA,44837213,"Missed abortion","Condition","ICD9CM","3-dig billing code","1970-01-01","2099-12-31"
"633",NA,NA,NA,44834860,"Ectopic pregnancy","Condition","ICD9CM","3-dig nonbill code","1970-01-01","2099-12-31"
"633.0",NA,NA,NA,44837214,"Abdominal pregnancy","Condition","ICD9CM","4-dig nonbill code","1970-01-01","2099-12-31"
"633.00","63300","Abdominal pregnancy without intrauterine pregnancy","Abd preg w/o intrau preg",44824369,"Abdominal pregnancy without intrauterine pregnancy","Condition","ICD9CM","5-dig billing code","1970-01-01","2099-12-31"
"633.01","63301","Abdominal pregnancy with intrauterine pregnancy","Abd preg w intraut preg",44821003,"Abdominal pregnancy with intrauterine pregnancy","Condition","ICD9CM","5-dig billing code","1970-01-01","2099-12-31"
"633.1",NA,NA,NA,44821004,"Tubal pregnancy","Condition","ICD9CM","4-dig nonbill code","1970-01-01","2099-12-31"
"633.10","63310","Tubal pregnancy without intrauterine pregnancy","Tubal preg w/o intra prg",44837215,"Tubal pregnancy without intrauterine pregnancy","Condition","ICD9CM","5-dig billing code","1970-01-01","2099-12-31"
"633.11","63311","Tubal pregnancy with intrauterine pregnancy","Tubal preg w intra preg",44823216,"Tubal pregnancy with intrauterine pregnancy","Condition","ICD9CM","5-dig billing code","1970-01-01","2099-12-31"
"633.2",NA,NA,NA,44833694,"Ovarian pregnancy","Condition","ICD9CM","4-dig nonbill code","1970-01-01","2099-12-31"
"633.20","63320","Ovarian pregnancy without intrauterine pregnancy","Ovarn preg w/o intra prg",44836063,"Ovarian pregnancy without intrauterine pregnancy","Condition","ICD9CM","5-dig billing code","1970-01-01","2099-12-31"
"633.21","63321","Ovarian pregnancy with intrauterine pregnancy","Ovarian preg w intra prg",44821005,"Ovarian pregnancy with intrauterine pregnancy","Condition","ICD9CM","5-dig billing code","1970-01-01","2099-12-31"
"633.8",NA,NA,NA,44824370,"Other ectopic pregnancy","Condition","ICD9CM","4-dig nonbill code","1970-01-01","2099-12-31"
"633.80","63380","Other ectopic pregnancy without intrauterine pregnancy","Ect preg NEC w/o int prg",44821006,"Other ectopic pregnancy without intrauterine pregnancy","Condition","ICD9CM","5-dig billing code","1970-01-01","2099-12-31"
"633.81","63381","Other ectopic pregnancy with intrauterine pregnancy","Ectpc prg NEC w int preg",44833695,"Other ectopic pregnancy with intrauterine pregnancy","Condition","ICD9CM","5-dig billing code","1970-01-01","2099-12-31"
"633.9",NA,NA,NA,44826757,"Unspecified ectopic pregnancy","Condition","ICD9CM","4-dig nonbill code","1970-01-01","2099-12-31"
"633.90","63390","Unspecified ectopic pregnancy without intrauterine pregnancy","Ect preg NOS w/o int prg",44822064,"Unspecified ectopic pregnancy without intrauterine pregnancy","Condition","ICD9CM","5-dig billing code","1970-01-01","2099-12-31"
"633.91","63391","Unspecified ectopic pregnancy with intrauterine pregnancy","Ectp preg NOS w int preg",44821007,"Unspecified ectopic pregnancy with intrauterine pregnancy","Condition","ICD9CM","5-dig billing code","1970-01-01","2099-12-31"
"634",NA,NA,NA,44823217,"Spontaneous abortion","Condition","ICD9CM","3-dig nonbill code","1970-01-01","2099-12-31"
"634.0",NA,NA,NA,44824371,"Spontaneous abortion complicated by genital tract and pelvic infection","Condition","ICD9CM","4-dig nonbill code","1970-01-01","2099-12-31"
"634.00","63400","Spontaneous abortion, complicated by genital tract and pelvic infection, unspecified","Spon abor w pel inf-unsp",44825572,"Spontaneous abortion, complicated by genital tract and pelvic infection, unspecified","Condition","ICD9CM","5-dig billing code","1970-01-01","2099-12-31"
"634.01","63401","Spontaneous abortion, complicated by genital tract and pelvic infection, incomplete","Spon abor w pelv inf-inc",44823218,"Spontaneous abortion, complicated by genital tract and pelvic infection, incomplete","Condition","ICD9CM","5-dig billing code","1970-01-01","2099-12-31"
"634.02","63402","Spontaneous abortion, complicated by genital tract and pelvic infection, complete","Spon abor w pel inf-comp",44832507,"Spontaneous abortion, complicated by genital tract and pelvic infection, complete","Condition","ICD9CM","5-dig billing code","1970-01-01","2099-12-31"
"634.1",NA,NA,NA,44833696,"Spontaneous abortion complicated by delayed or excessive hemorrhage","Condition","ICD9CM","4-dig nonbill code","1970-01-01","2099-12-31"
"634.10","63410","Spontaneous abortion, complicated by delayed or excessive hemorrhage, unspecified","Spon abort w hemorr-unsp",44830199,"Spontaneous abortion, complicated by delayed or excessive hemorrhage, unspecified","Condition","ICD9CM","5-dig billing code","1970-01-01","2099-12-31"
"634.11","63411","Spontaneous abortion, complicated by delayed or excessive hemorrhage, incomplete","Spon abort w hemorr-inc",44830200,"Spontaneous abortion, complicated by delayed or excessive hemorrhage, incomplete","Condition","ICD9CM","5-dig billing code","1970-01-01","2099-12-31"
"634.12","63412","Spontaneous abortion, complicated by delayed or excessive hemorrhage, complete","Spon abort w hemorr-comp",44826758,"Spontaneous abortion, complicated by delayed or excessive hemorrhage, complete","Condition","ICD9CM","5-dig billing code","1970-01-01","2099-12-31"
"634.2",NA,NA,NA,44823219,"Spontaneous abortion complicated by damage to pelvic organs or tissues","Condition","ICD9CM","4-dig nonbill code","1970-01-01","2099-12-31"
"634.20","63420","Spontaneous abortion, complicated by damage to pelvic organs or tissues, unspecified","Spon ab w pel damag-unsp",44821008,"Spontaneous abortion, complicated by damage to pelvic organs or tissues, unspecified","Condition","ICD9CM","5-dig billing code","1970-01-01","2099-12-31"
"634.21","63421","Spontaneous abortion, complicated by damage to pelvic organs or tissues, incomplete","Spon ab w pelv damag-inc",44824372,"Spontaneous abortion, complicated by damage to pelvic organs or tissues, incomplete","Condition","ICD9CM","5-dig billing code","1970-01-01","2099-12-31"
"634.22","63422","Spontaneous abortion, complicated by damage to pelvic organs or tissues, complete","Spon ab w pel damag-comp",44827917,"Spontaneous abortion, complicated by damage to pelvic organs or tissues, complete","Condition","ICD9CM","5-dig billing code","1970-01-01","2099-12-31"
"634.3",NA,NA,NA,44831363,"Spontaneous abortion complicated by renal failure","Condition","ICD9CM","4-dig nonbill code","1970-01-01","2099-12-31"
"634.30","63430","Spontaneous abortion, complicated by renal failure, unspecified","Spon ab w ren fail-unsp",44825573,"Spontaneous abortion, complicated by renal failure, unspecified","Condition","ICD9CM","5-dig billing code","1970-01-01","2099-12-31"
"634.31","63431","Spontaneous abortion, complicated by renal failure, incomplete","Spon ab w ren fail-inc",44826759,"Spontaneous abortion, complicated by renal failure, incomplete","Condition","ICD9CM","5-dig billing code","1970-01-01","2099-12-31"
"634.32","63432","Spontaneous abortion, complicated by renal failure, complete","Spon ab w ren fail-comp",44836064,"Spontaneous abortion, complicated by renal failure, complete","Condition","ICD9CM","5-dig billing code","1970-01-01","2099-12-31"
"634.4",NA,NA,NA,44827918,"Spontaneous abortion complicated by metabolic disorder","Condition","ICD9CM","4-dig nonbill code","1970-01-01","2099-12-31"
"634.40","63440","Spontaneous abortion, complicated by metabolic disorder, unspecified","Spon ab w metab dis-unsp",44821009,"Spontaneous abortion, complicated by metabolic disorder, unspecified","Condition","ICD9CM","5-dig billing code","1970-01-01","2099-12-31"
"634.41","63441","Spontaneous abortion, complicated by metabolic disorder, incomplete","Spon ab w metab dis-inc",44830201,"Spontaneous abortion, complicated by metabolic disorder, incomplete","Condition","ICD9CM","5-dig billing code","1970-01-01","2099-12-31"
"634.42","63442","Spontaneous abortion, complicated by metabolic disorder, complete","Spon ab w metab dis-comp",44821010,"Spontaneous abortion, complicated by metabolic disorder, complete","Condition","ICD9CM","5-dig billing code","1970-01-01","2099-12-31"
"634.5",NA,NA,NA,44832508,"Spontaneous abortion complicated by shock","Condition","ICD9CM","4-dig nonbill code","1970-01-01","2099-12-31"
"634.50","63450","Spontaneous abortion, complicated by shock, unspecified","Spon abort w shock-unsp",44836065,"Spontaneous abortion, complicated by shock, unspecified","Condition","ICD9CM","5-dig billing code","1970-01-01","2099-12-31"
"634.51","63451","Spontaneous abortion, complicated by shock, incomplete","Spon abort w shock-inc",44821011,"Spontaneous abortion, complicated by shock, incomplete","Condition","ICD9CM","5-dig billing code","1970-01-01","2099-12-31"
"634.52","63452","Spontaneous abortion, complicated by shock, complete","Spon abort w shock-comp",44824373,"Spontaneous abortion, complicated by shock, complete","Condition","ICD9CM","5-dig billing code","1970-01-01","2099-12-31"
"634.6",NA,NA,NA,44823220,"Spontaneous abortion complicated by embolism","Condition","ICD9CM","4-dig nonbill code","1970-01-01","2099-12-31"
"634.60","63460","Spontaneous abortion, complicated by embolism, unspecified","Spon abort w embol-unsp",44832509,"Spontaneous abortion, complicated by embolism, unspecified","Condition","ICD9CM","5-dig billing code","1970-01-01","2099-12-31"
"634.61","63461","Spontaneous abortion, complicated by embolism, incomplete","Spon abort w embol-inc",44836066,"Spontaneous abortion, complicated by embolism, incomplete","Condition","ICD9CM","5-dig billing code","1970-01-01","2099-12-31"
"634.62","63462","Spontaneous abortion, complicated by embolism, complete","Spon abort w embol-comp",44827919,"Spontaneous abortion, complicated by embolism, complete","Condition","ICD9CM","5-dig billing code","1970-01-01","2099-12-31"
"634.7",NA,NA,NA,44825574,"Spontaneous abortion with other specified complications","Condition","ICD9CM","4-dig nonbill code","1970-01-01","2099-12-31"
"634.70","63470","Spontaneous abortion, with other specified complications, unspecified","Spon ab w compl NEC-unsp",44833697,"Spontaneous abortion, with other specified complications, unspecified","Condition","ICD9CM","5-dig billing code","1970-01-01","2099-12-31"
"634.71","63471","Spontaneous abortion, with other specified complications, incomplete","Spon ab w compl NEC-inc",44826760,"Spontaneous abortion, with other specified complications, incomplete","Condition","ICD9CM","5-dig billing code","1970-01-01","2099-12-31"
"634.72","63472","Spontaneous abortion, with other specified complications, complete","Spon ab w compl NEC-comp",44824374,"Spontaneous abortion, with other specified complications, complete","Condition","ICD9CM","5-dig billing code","1970-01-01","2099-12-31"
"634.8",NA,NA,NA,44822065,"Spontaneous abortion with unspecified complication","Condition","ICD9CM","4-dig nonbill code","1970-01-01","2099-12-31"
"634.80","63480","Spontaneous abortion, with unspecified complication, unspecified","Spon ab w compl NOS-unsp",44823221,"Spontaneous abortion, with unspecified complication, unspecified","Condition","ICD9CM","5-dig billing code","1970-01-01","2099-12-31"
"634.81","63481","Spontaneous abortion, with unspecified complication, incomplete","Spon ab w compl NOS-inc",44826761,"Spontaneous abortion, with unspecified complication, incomplete","Condition","ICD9CM","5-dig billing code","1970-01-01","2099-12-31"
"634.82","63482","Spontaneous abortion, with unspecified complication, complete","Spon ab w compl NOS-comp",44833698,"Spontaneous abortion, with unspecified complication, complete","Condition","ICD9CM","5-dig billing code","1970-01-01","2099-12-31"
"634.9",NA,NA,NA,44822066,"Spontaneous abortion without mention of complication","Condition","ICD9CM","4-dig nonbill code","1970-01-01","2099-12-31"
"634.90","63490","Spontaneous abortion, without mention of complication, unspecified","Spon abort uncompl-unsp",44822067,"Spontaneous abortion, without mention of complication, unspecified","Condition","ICD9CM","5-dig billing code","1970-01-01","2099-12-31"
"634.91","63491","Spontaneous abortion, without mention of complication, incomplete","Spon abort uncompl-inc",44826762,"Spontaneous abortion, without mention of complication, incomplete","Condition","ICD9CM","5-dig billing code","1970-01-01","2099-12-31"
"634.92","63492","Spontaneous abortion, without mention of complication, complete","Spon abort uncompl-comp",44831364,"Spontaneous abortion, without mention of complication, complete","Condition","ICD9CM","5-dig billing code","1970-01-01","2099-12-31"
"646",NA,NA,NA,44819857,"Other complications of pregnancy, not elsewhere classified","Condition","ICD9CM","3-dig nonbill code","1970-01-01","2099-12-31"
"646.0",NA,NA,NA,44832527,"Papyraceous fetus","Condition","ICD9CM","4-dig nonbill code","1970-01-01","2099-12-31"
"646.00","64600","Papyraceous fetus, unspecified as to episode of care or not applicable","Papyraceous fetus-unspec",44827940,"Papyraceous fetus, unspecified as to episode of care or not applicable","Condition","ICD9CM","5-dig billing code","1970-01-01","2099-12-31"
"646.01","64601","Papyraceous fetus, delivered, with or without mention of antepartum condition","Papyraceous fetus-deliv",44829107,"Papyraceous fetus, delivered, with or without mention of antepartum condition","Condition","ICD9CM","5-dig billing code","1970-01-01","2099-12-31"
"646.03","64603","Papyraceous fetus, antepartum condition or complication","Papyraceous fet-antepar",44830214,"Papyraceous fetus, antepartum condition or complication","Condition","ICD9CM","5-dig billing code","1970-01-01","2099-12-31"
"646.1",NA,NA,NA,44823236,"Edema or excessive weight gain in pregnancy, without mention of hypertension","Condition","ICD9CM","4-dig nonbill code","1970-01-01","2099-12-31"
"646.10","64610","Edema or excessive weight gain in pregnancy, without mention of hypertension, unspecified as to episode of care or not applicable","Edema in preg-unspec",44831381,"Edema or excessive weight gain in pregnancy, without mention of hypertension, unspecified as to episode of care or not applicable","Condition","ICD9CM","5-dig billing code","1970-01-01","2099-12-31"
"646.11","64611","Edema or excessive weight gain in pregnancy, without mention of hypertension, delivered, with or without mention of antepartum complication","Edema in preg-delivered",44819858,"Edema or excessive weight gain in pregnancy, without mention of hypertension, delivered, with or without mention of antepartum complication","Condition","ICD9CM","5-dig billing code","1970-01-01","2099-12-31"
"646.12","64612","Edema or excessive weight gain in pregnancy, without mention of hypertension, delivered, with mention of postpartum complication","Edema in preg-del w p/p",44827941,"Edema or excessive weight gain in pregnancy, without mention of hypertension, delivered, with mention of postpartum complication","Condition","ICD9CM","5-dig billing code","1970-01-01","2099-12-31"
"646.13","64613","Edema or excessive weight gain in pregnancy, without mention of hypertension, antepartum condition or complication","Edema in preg-antepartum",44829108,"Edema or excessive weight gain in pregnancy, without mention of hypertension, antepartum condition or complication","Condition","ICD9CM","5-dig billing code","1970-01-01","2099-12-31"
"646.14","64614","Edema or excessive weight gain in pregnancy, without mention of hypertension, postpartum condition or complication","Edema in preg-postpartum",44830215,"Edema or excessive weight gain in pregnancy, without mention of hypertension, postpartum condition or complication","Condition","ICD9CM","5-dig billing code","1970-01-01","2099-12-31"
"646.2",NA,NA,NA,44822086,"Unspecified renal disease in pregnancy, without mention of hypertension","Condition","ICD9CM","4-dig nonbill code","1970-01-01","2099-12-31"
"646.20","64620","Unspecified renal disease in pregnancy, without mention of hypertension, unspecified as to episode of care or not applicable","Renal dis preg NOS-unsp",44837238,"Unspecified renal disease in pregnancy, without mention of hypertension, unspecified as to episode of care or not applicable","Condition","ICD9CM","5-dig billing code","1970-01-01","2099-12-31"
"646.21","64621","Unspecified renal disease in pregnancy, without mention of hypertension, delivered, with or without mention of antepartum condition","Renal dis NOS-delivered",44821023,"Unspecified renal disease in pregnancy, without mention of hypertension, delivered, with or without mention of antepartum condition","Condition","ICD9CM","5-dig billing code","1970-01-01","2099-12-31"
"646.22","64622","Unspecified renal disease in pregnancy, without mention of hypertension, delivered, with mention of postpartum complication","Renal dis NOS-del w p/p",44825597,"Unspecified renal disease in pregnancy, without mention of hypertension, delivered, with mention of postpartum complication","Condition","ICD9CM","5-dig billing code","1970-01-01","2099-12-31"
"646.23","64623","Unspecified renal disease in pregnancy, without mention of hypertension, antepartum condition or complication","Renal dis NOS-antepartum",44836078,"Unspecified renal disease in pregnancy, without mention of hypertension, antepartum condition or complication","Condition","ICD9CM","5-dig billing code","1970-01-01","2099-12-31"
"646.24","64624","Unspecified renal disease in pregnancy, without mention of hypertension, postpartum condition or complication","Renal dis NOS-postpartum",44829109,"Unspecified renal disease in pregnancy, without mention of hypertension, postpartum condition or complication","Condition","ICD9CM","5-dig billing code","1970-01-01","2099-12-31"
"646.3",NA,NA,NA,44830216,"Recurrent pregnancy loss","Condition","ICD9CM","4-dig nonbill code","1970-01-01","2099-12-31"
"646.30","64630","Recurrent pregnancy loss, unspecified as to episode of care or not applicable","Recur preg loss-unspec",44822087,"Recurrent pregnancy loss, unspecified as to episode of care or not applicable","Condition","ICD9CM","5-dig billing code","1970-01-01","2099-12-31"
"646.31","64631","Recurrent pregnancy loss, delivered, with or without mention of antepartum condition","Recurnt preg loss-deliv",44837239,"Recurrent pregnancy loss, delivered, with or without mention of antepartum condition","Condition","ICD9CM","5-dig billing code","1970-01-01","2099-12-31"
"646.33","64633","Recurrent pregnancy loss, antepartum condition or complication","Recurnt preg loss-antep",44822088,"Recurrent pregnancy loss, antepartum condition or complication","Condition","ICD9CM","5-dig billing code","1970-01-01","2099-12-31"
"646.4",NA,NA,NA,44822089,"Peripheral neuritis in pregnancy","Condition","ICD9CM","4-dig nonbill code","1970-01-01","2099-12-31"
"646.40","64640","Peripheral neuritis in pregnancy, unspecified as to episode of care or not applicable","Neuritis of preg-unspec",44836079,"Peripheral neuritis in pregnancy, unspecified as to episode of care or not applicable","Condition","ICD9CM","5-dig billing code","1970-01-01","2099-12-31"
"646.41","64641","Peripheral neuritis in pregnancy, delivered, with or without mention of antepartum condition","Neuritis-delivered",44822090,"Peripheral neuritis in pregnancy, delivered, with or without mention of antepartum condition","Condition","ICD9CM","5-dig billing code","1970-01-01","2099-12-31"
"646.42","64642","Peripheral neuritis in pregnancy, delivered, with mention of postpartum complication","Neuritis-delivered w p/p",44831382,"Peripheral neuritis in pregnancy, delivered, with mention of postpartum complication","Condition","ICD9CM","5-dig billing code","1970-01-01","2099-12-31"
"646.43","64643","Peripheral neuritis in pregnancy, antepartum condition or complication","Neuritis of preg-antepar",44827942,"Peripheral neuritis in pregnancy, antepartum condition or complication","Condition","ICD9CM","5-dig billing code","1970-01-01","2099-12-31"
"646.44","64644","Peripheral neuritis in pregnancy, postpartum condition or complication","Neuritis of preg-postpar",44834882,"Peripheral neuritis in pregnancy, postpartum condition or complication","Condition","ICD9CM","5-dig billing code","1970-01-01","2099-12-31"
"646.5",NA,NA,NA,44825598,"Asymptomatic bacteriuria in pregnancy","Condition","ICD9CM","4-dig nonbill code","1970-01-01","2099-12-31"
"646.50","64650","Asymptomatic bacteriuria in pregnancy, unspecified as to episode of care or not applicable","Bacteriuria preg-unspec",44831383,"Asymptomatic bacteriuria in pregnancy, unspecified as to episode of care or not applicable","Condition","ICD9CM","5-dig billing code","1970-01-01","2099-12-31"
"646.51","64651","Asymptomatic bacteriuria in pregnancy, delivered, with or without mention of antepartum condition","Asym bacteriuria-deliver",44827943,"Asymptomatic bacteriuria in pregnancy, delivered, with or without mention of antepartum condition","Condition","ICD9CM","5-dig billing code","1970-01-01","2099-12-31"
"646.52","64652","Asymptomatic bacteriuria in pregnancy, delivered, with mention of postpartum complication","Asy bacteruria-del w p/p",44833719,"Asymptomatic bacteriuria in pregnancy, delivered, with mention of postpartum complication","Condition","ICD9CM","5-dig billing code","1970-01-01","2099-12-31"
"646.53","64653","Asymptomatic bacteriuria in pregnancy, antepartum condition or complication","Asy bacteriuria-antepart",44830217,"Asymptomatic bacteriuria in pregnancy, antepartum condition or complication","Condition","ICD9CM","5-dig billing code","1970-01-01","2099-12-31"
"646.54","64654","Asymptomatic bacteriuria in pregnancy, postpartum condition or complication","Asy bacteriuria-postpart",44831384,"Asymptomatic bacteriuria in pregnancy, postpartum condition or complication","Condition","ICD9CM","5-dig billing code","1970-01-01","2099-12-31"
"646.6",NA,NA,NA,44833720,"Infections of genitourinary tract in pregnancy","Condition","ICD9CM","4-dig nonbill code","1970-01-01","2099-12-31"
"646.60","64660","Infections of genitourinary tract in pregnancy, unspecified as to episode of care or not applicable","Gu infect in preg-unspec",44837240,"Infections of genitourinary tract in pregnancy, unspecified as to episode of care or not applicable","Condition","ICD9CM","5-dig billing code","1970-01-01","2099-12-31"
"646.61","64661","Infections of genitourinary tract in pregnancy, delivered, with or without mention of antepartum condition","Gu infection-delivered",44826779,"Infections of genitourinary tract in pregnancy, delivered, with or without mention of antepartum condition","Condition","ICD9CM","5-dig billing code","1970-01-01","2099-12-31"
"646.62","64662","Infections of genitourinary tract in pregnancy, delivered, with mention of postpartum complication","Gu infection-deliv w p/p",44832528,"Infections of genitourinary tract in pregnancy, delivered, with mention of postpartum complication","Condition","ICD9CM","5-dig billing code","1970-01-01","2099-12-31"
"646.63","64663","Infections of genitourinary tract in pregnancy, antepartum condition or complication","Gu infection-antepartum",44822091,"Infections of genitourinary tract in pregnancy, antepartum condition or complication","Condition","ICD9CM","5-dig billing code","1970-01-01","2099-12-31"
"646.64","64664","Infections of genitourinary tract in pregnancy, postpartum condition or complication","Gu infection-postpartum",44819859,"Infections of genitourinary tract in pregnancy, postpartum condition or complication","Condition","ICD9CM","5-dig billing code","1970-01-01","2099-12-31"
"646.7",NA,NA,NA,44836080,"Liver and biliary tract disorders in pregnancy","Condition","ICD9CM","4-dig nonbill code","1970-01-01","2099-12-31"
"646.70","64670","Liver and biliary tract disorders in pregnancy, unspecified as to episode of care or not applicable","Liver/bil trct disr-unsp",44837241,"Liver and biliary tract disorders in pregnancy, unspecified as to episode of care or not applicable","Condition","ICD9CM","5-dig billing code","1970-01-01","2099-12-31"
"646.71","64671","Liver and biliary tract disorders in pregnancy, delivered, with or without mention of antepartum condition","Liver/bil trct disr-del",44837242,"Liver and biliary tract disorders in pregnancy, delivered, with or without mention of antepartum condition","Condition","ICD9CM","5-dig billing code","1970-01-01","2099-12-31"
"646.73","64673","Liver and biliary tract disorders in pregnancy, antepartum condition or complication","Liver/bil trct disr-ante",44834883,"Liver and biliary tract disorders in pregnancy, antepartum condition or complication","Condition","ICD9CM","5-dig billing code","1970-01-01","2099-12-31"
"646.8",NA,NA,NA,44831385,"Other specified complications of pregnancy","Condition","ICD9CM","4-dig nonbill code","1970-01-01","2099-12-31"
"646.80","64680","Other specified complications of pregnancy, unspecified as to episode of care or not applicable","Preg compl NEC-unspec",44825599,"Other specified complications of pregnancy, unspecified as to episode of care or not applicable","Condition","ICD9CM","5-dig billing code","1970-01-01","2099-12-31"
"646.81","64681","Other specified complications of pregnancy, delivered, with or without mention of antepartum condition","Preg compl NEC-delivered",44830218,"Other specified complications of pregnancy, delivered, with or without mention of antepartum condition","Condition","ICD9CM","5-dig billing code","1970-01-01","2099-12-31"
"646.82","64682","Other specified complications of pregnancy, delivered, with mention of postpartum complication","Preg compl NEC-del w p/p",44834884,"Other specified complications of pregnancy, delivered, with mention of postpartum complication","Condition","ICD9CM","5-dig billing code","1970-01-01","2099-12-31"
"646.83","64683","Other specified complications of pregnancy, antepartum condition or complication","Preg compl NEC-antepart",44832529,"Other specified complications of pregnancy, antepartum condition or complication","Condition","ICD9CM","5-dig billing code","1970-01-01","2099-12-31"
"646.84","64684","Other specified complications of pregnancy, postpartum condition or complication","Preg compl NEC-postpart",44834885,"Other specified complications of pregnancy, postpartum condition or complication","Condition","ICD9CM","5-dig billing code","1970-01-01","2099-12-31"
"646.9",NA,NA,NA,44829110,"Unspecified complication of pregnancy","Condition","ICD9CM","4-dig nonbill code","1970-01-01","2099-12-31"
"646.90","64690","Unspecified complication of pregnancy, unspecified as to episode of care or not applicable","Preg compl NOS-unspec",44819860,"Unspecified complication of pregnancy, unspecified as to episode of care or not applicable","Condition","ICD9CM","5-dig billing code","1970-01-01","2099-12-31"
"646.91","64691","Unspecified complication of pregnancy, delivered, with or without mention of antepartum condition","Preg compl NOS-delivered",44824399,"Unspecified complication of pregnancy, delivered, with or without mention of antepartum condition","Condition","ICD9CM","5-dig billing code","1970-01-01","2099-12-31"
"646.93","64693","Unspecified complication of pregnancy, antepartum condition or complication","Preg compl NOS-antepart",44823237,"Unspecified complication of pregnancy, antepartum condition or complication","Condition","ICD9CM","5-dig billing code","1970-01-01","2099-12-31"
"650",NA,NA,NA,44824408,"Normal delivery","Condition","ICD9CM","3-dig billing code","1970-01-01","2099-12-31"
"656",NA,NA,NA,44831407,"Other known or suspected fetal and placental problems affecting management of mother","Condition","ICD9CM","3-dig nonbill code","1970-01-01","2099-12-31"
"656.0",NA,NA,NA,44837269,"Fetal-maternal hemorrhage affecting management of mother","Condition","ICD9CM","4-dig nonbill code","1970-01-01","2099-12-31"
"656.00","65600","Fetal-maternal hemorrhage, unspecified as to episode of care or not applicable","Fetal-maternal hem-unsp",44829129,"Fetal-maternal hemorrhage, unspecified as to episode of care or not applicable","Condition","ICD9CM","5-dig billing code","1970-01-01","2099-12-31"
"656.01","65601","Fetal-maternal hemorrhage, delivered, with or without mention of antepartum condition","Fetal-maternal hem-deliv",44833750,"Fetal-maternal hemorrhage, delivered, with or without mention of antepartum condition","Condition","ICD9CM","5-dig billing code","1970-01-01","2099-12-31"
"656.03","65603","Fetal-maternal hemorrhage, antepartum condition or complication","Fetal-matern hem-antepar",44825608,"Fetal-maternal hemorrhage, antepartum condition or complication","Condition","ICD9CM","5-dig billing code","1970-01-01","2099-12-31"
"656.1",NA,NA,NA,44824420,"Rhesus isoimmunization affecting management of mother","Condition","ICD9CM","4-dig nonbill code","1970-01-01","2099-12-31"
"656.10","65610","Rhesus isoimmunization, unspecified as to episode of care or not applicable","Rh isoimmunization-unsp",44822126,"Rhesus isoimmunization, unspecified as to episode of care or not applicable","Condition","ICD9CM","5-dig billing code","1970-01-01","2099-12-31"
"656.11","65611","Rhesus isoimmunization, delivered, with or without mention of antepartum condition","Rh isoimmunizat-deliver",44829130,"Rhesus isoimmunization, delivered, with or without mention of antepartum condition","Condition","ICD9CM","5-dig billing code","1970-01-01","2099-12-31"
"656.13","65613","Rhesus isoimmunization, antepartum condition or complication","Rh isoimmunizat-antepart",44831408,"Rhesus isoimmunization, antepartum condition or complication","Condition","ICD9CM","5-dig billing code","1970-01-01","2099-12-31"
"656.2",NA,NA,NA,44837270,"Isoimmunization from other and unspecified blood-group incompatibility affecting management of mother","Condition","ICD9CM","4-dig nonbill code","1970-01-01","2099-12-31"
"656.20","65620","Isoimmunization from other and unspecified blood-group incompatibility, unspecified as to episode of care or not applicable","Abo isoimmunization-unsp",44819891,"Isoimmunization from other and unspecified blood-group incompatibility, unspecified as to episode of care or not applicable","Condition","ICD9CM","5-dig billing code","1970-01-01","2099-12-31"
"656.21","65621","Isoimmunization from other and unspecified blood-group incompatibility, delivered, with or without mention of antepartum condition","Abo isoimmunizat-deliver",44819892,"Isoimmunization from other and unspecified blood-group incompatibility, delivered, with or without mention of antepartum condition","Condition","ICD9CM","5-dig billing code","1970-01-01","2099-12-31"
"656.23","65623","Isoimmunization from other and unspecified blood-group incompatibility, antepartum condition or complication","Abo isoimmunizat-antepar",44831409,"Isoimmunization from other and unspecified blood-group incompatibility, antepartum condition or complication","Condition","ICD9CM","5-dig billing code","1970-01-01","2099-12-31"
"656.3",NA,NA,NA,44831410,"Fetal distress affecting management of mother","Condition","ICD9CM","4-dig nonbill code","1970-01-01","2099-12-31"
"656.30","65630","Fetal distress, affecting management of mother, unspecified as to episode of care or not applicable","Fetal distress-unspec",44837271,"Fetal distress, affecting management of mother, unspecified as to episode of care or not applicable","Condition","ICD9CM","5-dig billing code","1970-01-01","2099-12-31"
"656.31","65631","Fetal distress, affecting management of mother, delivered, with or without mention of antepartum condition","Fetal distress-delivered",44829131,"Fetal distress, affecting management of mother, delivered, with or without mention of antepartum condition","Condition","ICD9CM","5-dig billing code","1970-01-01","2099-12-31"
"656.33","65633","Fetal distress, affecting management of mother, antepartum condition or complication","Fetal distress-antepart",44837272,"Fetal distress, affecting management of mother, antepartum condition or complication","Condition","ICD9CM","5-dig billing code","1970-01-01","2099-12-31"
"656.4",NA,NA,NA,44829132,"Intrauterine death affecting management of mother","Condition","ICD9CM","4-dig nonbill code","1970-01-01","2099-12-31"
"656.40","65640","Intrauterine death, affecting management of mother, unspecified as to episode of care or not applicable","Intrauterine death-unsp",44837273,"Intrauterine death, affecting management of mother, unspecified as to episode of care or not applicable","Condition","ICD9CM","5-dig billing code","1970-01-01","2099-12-31"
"656.41","65641","Intrauterine death, affecting management of mother, delivered, with or without mention of antepartum condition","Intrauter death-deliver",44836103,"Intrauterine death, affecting management of mother, delivered, with or without mention of antepartum condition","Condition","ICD9CM","5-dig billing code","1970-01-01","2099-12-31"
"656.43","65643","Intrauterine death, affecting management of mother, antepartum condition or complication","Intrauter death-antepart",44825609,"Intrauterine death, affecting management of mother, antepartum condition or complication","Condition","ICD9CM","5-dig billing code","1970-01-01","2099-12-31"
"656.5",NA,NA,NA,44836104,"Poor fetal growth affecting management of mother","Condition","ICD9CM","4-dig nonbill code","1970-01-01","2099-12-31"
"656.50","65650","Poor fetal growth, affecting management of mother, unspecified as to episode of care or not applicable","Poor fetal growth-unspec",44834912,"Poor fetal growth, affecting management of mother, unspecified as to episode of care or not applicable","Condition","ICD9CM","5-dig billing code","1970-01-01","2099-12-31"
"656.51","65651","Poor fetal growth, affecting management of mother, delivered, with or without mention of antepartum condition","Poor fetal growth-deliv",44826804,"Poor fetal growth, affecting management of mother, delivered, with or without mention of antepartum condition","Condition","ICD9CM","5-dig billing code","1970-01-01","2099-12-31"
"656.53","65653","Poor fetal growth, affecting management of mother, antepartum condition or complication","Poor fetal grth-antepart",44833751,"Poor fetal growth, affecting management of mother, antepartum condition or complication","Condition","ICD9CM","5-dig billing code","1970-01-01","2099-12-31"
"656.6",NA,NA,NA,44825610,"Excessive fetal growth affecting management of mother","Condition","ICD9CM","4-dig nonbill code","1970-01-01","2099-12-31"
"656.60","65660","Excessive fetal growth, affecting management of mother, unspecified as to episode of care or not applicable","Excess fetal grth-unspec",44823267,"Excessive fetal growth, affecting management of mother, unspecified as to episode of care or not applicable","Condition","ICD9CM","5-dig billing code","1970-01-01","2099-12-31"
"656.61","65661","Excessive fetal growth, affecting management of mother, delivered, with or without mention of antepartum condition","Excess fetal grth-deliv",44831411,"Excessive fetal growth, affecting management of mother, delivered, with or without mention of antepartum condition","Condition","ICD9CM","5-dig billing code","1970-01-01","2099-12-31"
"656.63","65663","Excessive fetal growth, affecting management of mother, antepartum condition or complication","Excess fet grth-antepart",44826805,"Excessive fetal growth, affecting management of mother, antepartum condition or complication","Condition","ICD9CM","5-dig billing code","1970-01-01","2099-12-31"
"656.7",NA,NA,NA,44829133,"Other placental conditions affecting management of mother","Condition","ICD9CM","4-dig nonbill code","1970-01-01","2099-12-31"
"656.70","65670","Other placental conditions, affecting management of mother, unspecified as to episode of care or not applicable","Oth placent cond-unspec",44827962,"Other placental conditions, affecting management of mother, unspecified as to episode of care or not applicable","Condition","ICD9CM","5-dig billing code","1970-01-01","2099-12-31"
"656.71","65671","Other placental conditions, affecting management of mother, delivered, with or without mention of antepartum condition","Oth placent cond-deliver",44832559,"Other placental conditions, affecting management of mother, delivered, with or without mention of antepartum condition","Condition","ICD9CM","5-dig billing code","1970-01-01","2099-12-31"
"656.73","65673","Other placental conditions, affecting management of mother, antepartum condition or complication","Oth placent cond-antepar",44819893,"Other placental conditions, affecting management of mother, antepartum condition or complication","Condition","ICD9CM","5-dig billing code","1970-01-01","2099-12-31"
"656.8",NA,NA,NA,44832560,"Other specified fetal and placental problems affecting management of mother","Condition","ICD9CM","4-dig nonbill code","1970-01-01","2099-12-31"
"656.80","65680","Other specified fetal and placental problems, affecting management of mother, unspecified as to episode of care or not applicable","Fet/plac prob NEC-unspec",44822127,"Other specified fetal and placental problems, affecting management of mother, unspecified as to episode of care or not applicable","Condition","ICD9CM","5-dig billing code","1970-01-01","2099-12-31"
"656.81","65681","Other specified fetal and placental problems, affecting management of mother, delivered, with or without mention of antepartum condition","Fet/plac prob NEC-deliv",44833752,"Other specified fetal and placental problems, affecting management of mother, delivered, with or without mention of antepartum condition","Condition","ICD9CM","5-dig billing code","1970-01-01","2099-12-31"
"656.83","65683","Other specified fetal and placental problems, affecting management of mother, antepartum condition or complication","Fet/plac prob NEC-antepa",44834913,"Other specified fetal and placental problems, affecting management of mother, antepartum condition or complication","Condition","ICD9CM","5-dig billing code","1970-01-01","2099-12-31"
"656.9",NA,NA,NA,44832561,"Unspecified fetal and placental problem affecting management of mother","Condition","ICD9CM","4-dig nonbill code","1970-01-01","2099-12-31"
"656.90","65690","Unspecified fetal and placental problem, affecting management of mother, unspecified as to episode of care or not applicable","Fet/plac prob NOS-unspec",44833753,"Unspecified fetal and placental problem, affecting management of mother, unspecified as to episode of care or not applicable","Condition","ICD9CM","5-dig billing code","1970-01-01","2099-12-31"
"656.91","65691","Unspecified fetal and placental problem, affecting management of mother, delivered, with or without mention of antepartum condition","Fet/plac prob NOS-deliv",44822128,"Unspecified fetal and placental problem, affecting management of mother, delivered, with or without mention of antepartum condition","Condition","ICD9CM","5-dig billing code","1970-01-01","2099-12-31"
"656.93","65693","Unspecified fetal and placental problem, affecting management of mother, antepartum condition or complication","Fet/plac prob NOS-antepa",44825611,"Unspecified fetal and placental problem, affecting management of mother, antepartum condition or complication","Condition","ICD9CM","5-dig billing code","1970-01-01","2099-12-31"
"667",NA,NA,NA,44833774,"Retained placenta or membranes, without hemorrhage","Condition","ICD9CM","3-dig nonbill code","1970-01-01","2099-12-31"
"667.0",NA,NA,NA,44821066,"Retained placenta without hemorrhage","Condition","ICD9CM","4-dig nonbill code","1970-01-01","2099-12-31"
"667.00","66700","Retained placenta without hemorrhage, unspecified as to episode of care or not applicable","Retain placenta NOS-unsp",44830267,"Retained placenta without hemorrhage, unspecified as to episode of care or not applicable","Condition","ICD9CM","5-dig billing code","1970-01-01","2099-12-31"
"667.02","66702","Retained placenta without hemorrhage, delivered, with mention of postpartum complication","Retnd plac NOS-del w p/p",44834929,"Retained placenta without hemorrhage, delivered, with mention of postpartum complication","Condition","ICD9CM","5-dig billing code","1970-01-01","2099-12-31"
"667.04","66704","Retained placenta without hemorrhage, postpartum condition or complication","Retain plac NOS-postpart",44825626,"Retained placenta without hemorrhage, postpartum condition or complication","Condition","ICD9CM","5-dig billing code","1970-01-01","2099-12-31"
"667.1",NA,NA,NA,44825627,"Retained portions of placenta or membranes, without hemorrhage","Condition","ICD9CM","4-dig nonbill code","1970-01-01","2099-12-31"
"667.10","66710","Retained portions of placenta or membranes, without hemorrhage, unspecified as to episode of care or not applicable","Retain prod concept-unsp",44827983,"Retained portions of placenta or membranes, without hemorrhage, unspecified as to episode of care or not applicable","Condition","ICD9CM","5-dig billing code","1970-01-01","2099-12-31"
"667.12","66712","Retained portions of placenta or membranes, without hemorrhage, delivered, with mention of postpartum complication","Ret prod conc-del w p/p",44830268,"Retained portions of placenta or membranes, without hemorrhage, delivered, with mention of postpartum complication","Condition","ICD9CM","5-dig billing code","1970-01-01","2099-12-31"
"667.14","66714","Retained portions of placenta or membranes, without hemorrhage, postpartum condition or complication","Ret prod concept-postpar",44823290,"Retained portions of placenta or membranes, without hemorrhage, postpartum condition or complication","Condition","ICD9CM","5-dig billing code","1970-01-01","2099-12-31"
"669",NA,NA,NA,44822147,"Other complications of labor and delivery, not elsewhere classified","Condition","ICD9CM","3-dig nonbill code","1970-01-01","2099-12-31"
"669.0",NA,NA,NA,44821068,"Maternal distress","Condition","ICD9CM","4-dig nonbill code","1970-01-01","2099-12-31"
"669.00","66900","Maternal distress complicating labor and delivery, unspecified as to episode of care or not applicable","Maternal distress-unspec",44824441,"Maternal distress complicating labor and delivery, unspecified as to episode of care or not applicable","Condition","ICD9CM","5-dig billing code","1970-01-01","2099-12-31"
"669.01","66901","Maternal distress complicating labor and delivery, delivered, with or without mention of antepartum condition","Maternal distress-deliv",44829161,"Maternal distress complicating labor and delivery, delivered, with or without mention of antepartum condition","Condition","ICD9CM","5-dig billing code","1970-01-01","2099-12-31"
"669.02","66902","Maternal distress complicating labor and delivery, delivered, with mention of postpartum complication","Matern distres-del w p/p",44837290,"Maternal distress complicating labor and delivery, delivered, with mention of postpartum complication","Condition","ICD9CM","5-dig billing code","1970-01-01","2099-12-31"
"669.03","66903","Maternal distress complicating labor and delivery, antepartum condition or complication","Matern distress-antepar",44825629,"Maternal distress complicating labor and delivery, antepartum condition or complication","Condition","ICD9CM","5-dig billing code","1970-01-01","2099-12-31"
"669.04","66904","Maternal distress complicating labor and delivery, postpartum condition or complication","Matern distress-postpart",44823294,"Maternal distress complicating labor and delivery, postpartum condition or complication","Condition","ICD9CM","5-dig billing code","1970-01-01","2099-12-31"
"669.1",NA,NA,NA,44833777,"Shock during or following labor and delivery","Condition","ICD9CM","4-dig nonbill code","1970-01-01","2099-12-31"
"669.10","66910","Shock during or following labor and delivery, unspecified as to episode of care or not applicable","Obstetric shock-unspec",44834930,"Shock during or following labor and delivery, unspecified as to episode of care or not applicable","Condition","ICD9CM","5-dig billing code","1970-01-01","2099-12-31"
"669.11","66911","Shock during or following labor and delivery, delivered, with or without mention of antepartum condition","Obstetric shock-deliver",44823295,"Shock during or following labor and delivery, delivered, with or without mention of antepartum condition","Condition","ICD9CM","5-dig billing code","1970-01-01","2099-12-31"
"669.12","66912","Shock during or following labor and delivery, delivered, with mention of postpartum complication","Obstet shock-deliv w p/p",44830274,"Shock during or following labor and delivery, delivered, with mention of postpartum complication","Condition","ICD9CM","5-dig billing code","1970-01-01","2099-12-31"
"669.13","66913","Shock during or following labor and delivery, antepartum condition or complication","Obstetric shock-antepar",44837291,"Shock during or following labor and delivery, antepartum condition or complication","Condition","ICD9CM","5-dig billing code","1970-01-01","2099-12-31"
"669.14","66914","Shock during or following labor and delivery, postpartum condition or complication","Obstetric shock-postpart",44829162,"Shock during or following labor and delivery, postpartum condition or complication","Condition","ICD9CM","5-dig billing code","1970-01-01","2099-12-31"
"669.2",NA,NA,NA,44830275,"Maternal hypotension syndrome","Condition","ICD9CM","4-dig nonbill code","1970-01-01","2099-12-31"
"669.20","66920","Maternal hypotension syndrome, unspecified as to episode of care or not applicable","Matern hypotens syn-unsp",44824442,"Maternal hypotension syndrome, unspecified as to episode of care or not applicable","Condition","ICD9CM","5-dig billing code","1970-01-01","2099-12-31"
"669.21","66921","Maternal hypotension syndrome, delivered, with or without mention of antepartum condition","Matern hypoten syn-deliv",44837292,"Maternal hypotension syndrome, delivered, with or without mention of antepartum condition","Condition","ICD9CM","5-dig billing code","1970-01-01","2099-12-31"
"669.22","66922","Maternal hypotension syndrome, delivered, with mention of postpartum complication","Matern hypoten-del w p/p",44830276,"Maternal hypotension syndrome, delivered, with mention of postpartum complication","Condition","ICD9CM","5-dig billing code","1970-01-01","2099-12-31"
"669.23","66923","Maternal hypotension syndrome, antepartum condition or complication","Matern hypotens-antepar",44823296,"Maternal hypotension syndrome, antepartum condition or complication","Condition","ICD9CM","5-dig billing code","1970-01-01","2099-12-31"
"669.24","66924","Maternal hypotension syndrome, postpartum condition or complication","Matern hypotens-postpart",44831435,"Maternal hypotension syndrome, postpartum condition or complication","Condition","ICD9CM","5-dig billing code","1970-01-01","2099-12-31"
"669.3",NA,NA,NA,44823297,"Acute kidney failure following labor and delivery","Condition","ICD9CM","4-dig nonbill code","1970-01-01","2099-12-31"
"669.30","66930","Acute kidney failure following labor and delivery, unspecified as to episode of care or not applicable","Ac kidny fail w del-unsp",44827985,"Acute kidney failure following labor and delivery, unspecified as to episode of care or not applicable","Condition","ICD9CM","5-dig billing code","1970-01-01","2099-12-31"
"669.32","66932","Acute kidney failure following labor and delivery, delivered, with mention of postpartum complication","Ac kidney fail-del w p/p",44837293,"Acute kidney failure following labor and delivery, delivered, with mention of postpartum complication","Condition","ICD9CM","5-dig billing code","1970-01-01","2099-12-31"
"669.34","66934","Acute kidney failure following labor and delivery, postpartum condition or complication","Ac kidney fail-postpart",44824443,"Acute kidney failure following labor and delivery, postpartum condition or complication","Condition","ICD9CM","5-dig billing code","1970-01-01","2099-12-31"
"669.4",NA,NA,NA,44821069,"Other complications of obstetrical surgery and procedures","Condition","ICD9CM","4-dig nonbill code","1970-01-01","2099-12-31"
"669.40","66940","Other complications of obstetrical surgery and procedures, unspecified as to episode of care or not applicable","Oth ob surg compl-unspec",44836125,"Other complications of obstetrical surgery and procedures, unspecified as to episode of care or not applicable","Condition","ICD9CM","5-dig billing code","1970-01-01","2099-12-31"
"669.41","66941","Other complications of obstetrical surgery and procedures, delivered, with or without mention of antepartum condition","Oth ob compl-delivered",44824444,"Other complications of obstetrical surgery and procedures, delivered, with or without mention of antepartum condition","Condition","ICD9CM","5-dig billing code","1970-01-01","2099-12-31"
"669.42","66942","Other complications of obstetrical surgery and procedures, delivered, with mention of postpartum complication","Oth ob compl-deliv w p/p",44821070,"Other complications of obstetrical surgery and procedures, delivered, with mention of postpartum complication","Condition","ICD9CM","5-dig billing code","1970-01-01","2099-12-31"
"669.43","66943","Other complications of obstetrical surgery and procedures, antepartum condition or complication","Complc ob surg anteprtm",44826828,"Other complications of obstetrical surgery and procedures, antepartum condition or complication","Condition","ICD9CM","5-dig billing code","1970-01-01","2099-12-31"
"669.44","66944","Other complications of obstetrical surgery and procedures, postpartum condition or complication","Oth ob surg compl-postpa",44834931,"Other complications of obstetrical surgery and procedures, postpartum condition or complication","Condition","ICD9CM","5-dig billing code","1970-01-01","2099-12-31"
"669.5",NA,NA,NA,44836126,"Forceps or vacuum extractor delivery without mention of indication","Condition","ICD9CM","4-dig nonbill code","1970-01-01","2099-12-31"
"669.50","66950","Forceps or vacuum extractor delivery without mention of indication, unspecified as to episode of care or not applicable","Forcep deliv NOS-unspec",44831436,"Forceps or vacuum extractor delivery without mention of indication, unspecified as to episode of care or not applicable","Condition","ICD9CM","5-dig billing code","1970-01-01","2099-12-31"
"669.51","66951","Forceps or vacuum extractor delivery without mention of indication, delivered, with or without mention of antepartum condition","Forcep deliv NOS-deliver",44831437,"Forceps or vacuum extractor delivery without mention of indication, delivered, with or without mention of antepartum condition","Condition","ICD9CM","5-dig billing code","1970-01-01","2099-12-31"
"669.6",NA,NA,NA,44822148,"Breech extraction, without mention of indication","Condition","ICD9CM","4-dig nonbill code","1970-01-01","2099-12-31"
"669.60","66960","Breech extraction, without mention of indication, unspecified as to episode of care or not applicable","Breech extr NOS-unspec",44827986,"Breech extraction, without mention of indication, unspecified as to episode of care or not applicable","Condition","ICD9CM","5-dig billing code","1970-01-01","2099-12-31"
"669.61","66961","Breech extraction, without mention of indication, delivered, with or without mention of antepartum condition","Breech extr NOS-deliver",44837294,"Breech extraction, without mention of indication, delivered, with or without mention of antepartum condition","Condition","ICD9CM","5-dig billing code","1970-01-01","2099-12-31"
"669.7",NA,NA,NA,44831438,"Cesarean delivery, without mention of indication","Condition","ICD9CM","4-dig nonbill code","1970-01-01","2099-12-31"
"669.70","66970","Cesarean delivery, without mention of indication, unspecified as to episode of care or not applicable","Cesarean deliv NOS-unsp",44824445,"Cesarean delivery, without mention of indication, unspecified as to episode of care or not applicable","Condition","ICD9CM","5-dig billing code","1970-01-01","2099-12-31"
"669.71","66971","Cesarean delivery, without mention of indication, delivered, with or without mention of antepartum condition","Cesarean delivery NOS",44826829,"Cesarean delivery, without mention of indication, delivered, with or without mention of antepartum condition","Condition","ICD9CM","5-dig billing code","1970-01-01","2099-12-31"
"669.8",NA,NA,NA,44834932,"Other complications of labor and delivery","Condition","ICD9CM","4-dig nonbill code","1970-01-01","2099-12-31"
"669.80","66980","Other complications of labor and delivery, unspecified as to episode of care or not applicable","Compl lab/deliv NEC-unsp",44822149,"Other complications of labor and delivery, unspecified as to episode of care or not applicable","Condition","ICD9CM","5-dig billing code","1970-01-01","2099-12-31"
"669.81","66981","Other complications of labor and delivery, delivered, with or without mention of antepartum condition","Comp lab/deliv NEC-deliv",44832578,"Other complications of labor and delivery, delivered, with or without mention of antepartum condition","Condition","ICD9CM","5-dig billing code","1970-01-01","2099-12-31"
"669.82","66982","Other complications of labor and delivery, delivered, with mention of postpartum complication","Compl del NEC-del w p/p",44830277,"Other complications of labor and delivery, delivered, with mention of postpartum complication","Condition","ICD9CM","5-dig billing code","1970-01-01","2099-12-31"
"669.83","66983","Other complications of labor and delivery, antepartum condition or complication","Compl deliv NEC-antepar",44833778,"Other complications of labor and delivery, antepartum condition or complication","Condition","ICD9CM","5-dig billing code","1970-01-01","2099-12-31"
"669.84","66984","Other complications of labor and delivery, postpartum condition or complication","Compl deliv NEC-postpart",44824446,"Other complications of labor and delivery, postpartum condition or complication","Condition","ICD9CM","5-dig billing code","1970-01-01","2099-12-31"
"669.9",NA,NA,NA,44819915,"Unspecified complication of labor and delivery","Condition","ICD9CM","4-dig nonbill code","1970-01-01","2099-12-31"
"669.90","66990","Unspecified complication of labor and delivery, unspecified as to episode of care or not applicable","Compl lab/deliv NOS-unsp",44824447,"Unspecified complication of labor and delivery, unspecified as to episode of care or not applicable","Condition","ICD9CM","5-dig billing code","1970-01-01","2099-12-31"
"669.91","66991","Unspecified complication of labor and delivery, delivered, with or without mention of antepartum condition","Comp lab/deliv NOS-deliv",44831439,"Unspecified complication of labor and delivery, delivered, with or without mention of antepartum condition","Condition","ICD9CM","5-dig billing code","1970-01-01","2099-12-31"
"669.92","66992","Unspecified complication of labor and delivery, delivered, with mention of postpartum complication","Compl del NOS-del w p/p",44825630,"Unspecified complication of labor and delivery, delivered, with mention of postpartum complication","Condition","ICD9CM","5-dig billing code","1970-01-01","2099-12-31"
"669.93","66993","Unspecified complication of labor and delivery, antepartum condition or complication","Compl deliv NOS-antepar",44830278,"Unspecified complication of labor and delivery, antepartum condition or complication","Condition","ICD9CM","5-dig billing code","1970-01-01","2099-12-31"
"669.94","66994","Unspecified complication of labor and delivery, postpartum condition or complication","Compl deliv NOS-postpart",44821071,"Unspecified complication of labor and delivery, postpartum condition or complication","Condition","ICD9CM","5-dig billing code","1970-01-01","2099-12-31"
"674.50","67450","Peripartum cardiomyopathy, unspecified as to episode of care or not applicable","Peripart cardiomy-unspec",44833781,"Peripartum cardiomyopathy, unspecified as to episode of care or not applicable","Condition","ICD9CM","5-dig billing code","1970-01-01","2099-12-31"
"674.53","67453","Peripartum cardiomyopathy, antepartum condition or complication","Peripartum card-antepart",44832588,"Peripartum cardiomyopathy, antepartum condition or complication","Condition","ICD9CM","5-dig billing code","1970-01-01","2099-12-31"
"677",NA,NA,NA,44837301,"Late effect of complication of pregnancy, childbirth, and the puerperium","Condition","ICD9CM","3-dig billing code","1970-01-01","2099-12-31"
"770.0","7700","Congenital pneumonia","Congenital pneumonia",44820043,"Congenital pneumonia","Condition","ICD9CM","4-dig billing code","1970-01-01","2099-12-31"
"770.1",NA,NA,NA,44820044,"Fetal and newborn aspiration","Condition","ICD9CM","4-dig nonbill code","1970-01-01","2099-12-31"
"770.10","77010","Fetal and newborn aspiration, unspecified","Fetal & newborn asp NOS",44826958,"Fetal and newborn aspiration, unspecified","Condition","ICD9CM","5-dig billing code","1970-01-01","2099-12-31"
"770.11","77011","Meconium aspiration without respiratory symptoms","Meconium asp wo resp sym",44821228,"Meconium aspiration without respiratory symptoms","Condition","ICD9CM","5-dig billing code","1970-01-01","2099-12-31"
"770.12","77012","Meconium aspiration with respiratory symptoms","Meconium asp w resp symp",44829285,"Meconium aspiration with respiratory symptoms","Condition","ICD9CM","5-dig billing code","1970-01-01","2099-12-31"
"770.13","77013","Aspiration of clear amniotic fluid without respiratory symptoms","Amniotc asp w/o resp sym",44831573,"Aspiration of clear amniotic fluid without respiratory symptoms","Condition","ICD9CM","5-dig billing code","1970-01-01","2099-12-31"
"770.14","77014","Aspiration of clear amniotic fluid with respiratory symptoms","Amniotic asp w resp sym",44830425,"Aspiration of clear amniotic fluid with respiratory symptoms","Condition","ICD9CM","5-dig billing code","1970-01-01","2099-12-31"
"770.15","77015","Aspiration of blood without respiratory symptoms","Blood asp w/o resp sympt",44826959,"Aspiration of blood without respiratory symptoms","Condition","ICD9CM","5-dig billing code","1970-01-01","2099-12-31"
"770.16","77016","Aspiration of blood with respiratory symptoms","Blood asp w resp sympt",44836276,"Aspiration of blood with respiratory symptoms","Condition","ICD9CM","5-dig billing code","1970-01-01","2099-12-31"
"770.17","77017","Other fetal and newborn aspiration without respiratory symptoms","NB asp w/o resp symp NEC",44830426,"Other fetal and newborn aspiration without respiratory symptoms","Condition","ICD9CM","5-dig billing code","1970-01-01","2099-12-31"
"770.18","77018","Other fetal and newborn aspiration with respiratory symptoms","NB asp w resp symp NEC",44824595,"Other fetal and newborn aspiration with respiratory symptoms","Condition","ICD9CM","5-dig billing code","1970-01-01","2099-12-31"
"770.2","7702","Interstitial emphysema and related conditions","NB interstit emphysema",44836277,"Interstitial emphysema and related conditions","Condition","ICD9CM","4-dig billing code","1970-01-01","2099-12-31"
"V27.1","V271","Outcome of delivery, single stillborn","Deliver-single stillborn",44833083,"Outcome of delivery, single stillborn","Condition","ICD9CM","4-dig billing V code","1970-01-01","2099-12-31"
"V27.3","V273","Outcome of delivery, twins, one liveborn and one stillborn","Del-twins, 1 nb, 1 sb",44826177,"Outcome of delivery, twins, one liveborn and one stillborn","Condition","ICD9CM","4-dig billing V code","1970-01-01","2099-12-31"
"V27.4","V274","Outcome of delivery, twins, both stillborn","Deliver-twins, both sb",44827344,"Outcome of delivery, twins, both stillborn","Condition","ICD9CM","4-dig billing V code","1970-01-01","2099-12-31"
"V27.7","V277","Outcome of delivery, other multiple birth, all stillborn","Del-mult birth, all sb",44830773,"Outcome of delivery, other multiple birth, all stillborn","Condition","ICD9CM","4-dig billing V code","1970-01-01","2099-12-31"
"V32",NA,NA,NA,44826184,"Twin birth, mate stillborn","Condition","ICD9CM","3-dig nonbill V code","1970-01-01","2099-12-31"
"V32.0",NA,NA,NA,44837808,"Twin, mate stillborn, born in hospital","Condition","ICD9CM","4-dig nonbill V code","1970-01-01","2099-12-31"
"V32.00","V3200","Twin birth, mate stillborn, born in hospital, delivered without mention of cesarean section","Twin-mate sb-hosp w/o cs",44823818,"Twin birth, mate stillborn, born in hospital, delivered without mention of cesarean section","Condition","ICD9CM","5-dig billing V code","1970-01-01","2099-12-31"
"V32.01","V3201","Twin birth, mate stillborn, born in hospital, delivered by cesarean section","Twin-mate sb-hosp w cs",44830777,"Twin birth, mate stillborn, born in hospital, delivered by cesarean section","Condition","ICD9CM","5-dig billing V code","1970-01-01","2099-12-31"
"V32.1","V321","Twin birth, mate stillborn, born before admission to hospital","Twin, mate sb-before adm",44830778,"Twin birth, mate stillborn, born before admission to hospital","Condition","ICD9CM","4-dig billing V code","1970-01-01","2099-12-31"
"V32.2","V322","Twin birth, mate stillborn, born outside hospital and not hospitalized","Twin, mate sb-nonhosp",44820415,"Twin birth, mate stillborn, born outside hospital and not hospitalized","Condition","ICD9CM","4-dig billing V code","1970-01-01","2099-12-31"
"V35",NA,NA,NA,44835463,"Other multiple birth (three or more), mates all stillborn","Condition","ICD9CM","3-dig nonbill V code","1970-01-01","2099-12-31"
"V35.0",NA,NA,NA,44834265,"Other multiple, mates all stillborn, born in hospital","Condition","ICD9CM","4-dig nonbill V code","1970-01-01","2099-12-31"
"V35.00","V3500","Other multiple birth (three or more), mates all still born, born in hospital, delivered without mention of cesarean section","Oth mult sb-hosp w/o cs",44834266,"Other multiple birth (three or more), mates all still born, born in hospital, delivered without mention of cesarean section","Condition","ICD9CM","5-dig billing V code","1970-01-01","2099-12-31"
"V35.01","V3501","Other multiple birth (three or more), mates all still born, born in hospital, delivered by cesarean section","Oth mult sb-in hosp w cs",44821537,"Other multiple birth (three or more), mates all still born, born in hospital, delivered by cesarean section","Condition","ICD9CM","5-dig billing V code","1970-01-01","2099-12-31"
"V35.1","V351","Other multiple birth (three or more), mates all stillborn, born before admission to hospital","Oth mult sb-before adm",44820418,"Other multiple birth (three or more), mates all stillborn, born before admission to hospital","Condition","ICD9CM","4-dig billing V code","1970-01-01","2099-12-31"
"V35.2","V352","Other multiple birth (three or more), mates all stillborn, born outside of hospital and not hospitalized","Oth multiple sb-nonhosp",44822691,"Other multiple birth (three or more), mates all stillborn, born outside of hospital and not hospitalized","Condition","ICD9CM","4-dig billing V code","1970-01-01","2099-12-31"
"V36",NA,NA,NA,44833092,"Other multiple birth (three or more), mates liveborn and stillborn","Condition","ICD9CM","3-dig nonbill V code","1970-01-01","2099-12-31"
"V36.0",NA,NA,NA,44833093,"Other multiple, mates liveborn and stillborn, born in hospital","Condition","ICD9CM","4-dig nonbill V code","1970-01-01","2099-12-31"
"V36.00","V3600","Other multiple birth (three or more), mates liveborn and stillborn, born in hospital, delivered without mention of cesarean section","Mult lb/sb-in hos w/o cs",44821538,"Other multiple birth (three or more), mates liveborn and stillborn, born in hospital, delivered without mention of cesarean section","Condition","ICD9CM","5-dig billing V code","1970-01-01","2099-12-31"
"V36.01","V3601","Other multiple birth (three or more), mates liveborn and stillborn, born in hospital, delivered without mention of cesarean section","Mult lb/sb-in hosp w cs",44828532,"Other multiple birth (three or more), mates liveborn and stillborn, born in hospital, delivered without mention of cesarean section","Condition","ICD9CM","5-dig billing V code","1970-01-01","2099-12-31"
"V36.1","V361","Other multiple birth (three or more), mates liveborn and stillborn, born before admission to hospital","Mult nb/sb-before adm",44828533,"Other multiple birth (three or more), mates liveborn and stillborn, born before admission to hospital","Condition","ICD9CM","4-dig billing V code","1970-01-01","2099-12-31"
"V36.2","V362","Other multiple birth (three or more), mates liveborn and stillborn, born outside hospital and not hospitalized","Multiple nb/sb-nonhosp",44830782,"Other multiple birth (three or more), mates liveborn and stillborn, born outside hospital and not hospitalized","Condition","ICD9CM","4-dig billing V code","1970-01-01","2099-12-31"
